Assay,Nominal d,Effective d (median),Compressibility R2det (median),Study
PHOT_CHLRE_Chen_2023,33,4.53,0.661,CHLRE
F7YBW8_MESOW_Aakre_2015,4,3.87,0.649,MESOW
RL20_AQUAE_Tsuboyama_2023_1GYZ,59,2.09,0.645,Tsuboyama_2023
SDA_BACSU_Tsuboyama_2023_1PV0,44,4.47,0.612,Tsuboyama_2023
PR40A_HUMAN_Tsuboyama_2023_1UZC,63,4.18,0.602,Tsuboyama_2023
DNJA1_HUMAN_Tsuboyama_2023_2LO1,65,8.43,0.58,Tsuboyama_2023
TCRG1_MOUSE_Tsuboyama_2023_1E0L,35,5.64,0.566,Tsuboyama_2023
CBPA2_HUMAN_Tsuboyama_2023_1O6X,72,5.05,0.552,Tsuboyama_2023
VILI_CHICK_Tsuboyama_2023_1YU5,65,5.24,0.55,Tsuboyama_2023
YNZC_BACSU_Tsuboyama_2023_2JVD,39,7.32,0.496,Tsuboyama_2023
F7YBW8_MESOW_Ding_2023,10,5.55,0.491,MESOW
EPHB2_HUMAN_Tsuboyama_2023_1F0M,66,6.53,0.489,Tsuboyama_2023
RCRO_LAMBD_Tsuboyama_2023_1ORC,63,5.7,0.486,Tsuboyama_2023
SPG2_STRSG_Tsuboyama_2023_5UBS,56,8.83,0.474,Tsuboyama_2023
MAFG_MOUSE_Tsuboyama_2023_1K1V,41,6.8,0.471,Tsuboyama_2023
CATR_CHLRE_Tsuboyama_2023_2AMI,72,6.56,0.438,Tsuboyama_2023
OBSCN_HUMAN_Tsuboyama_2023_1V1C,65,11.8,0.417,Tsuboyama_2023
MBD11_ARATH_Tsuboyama_2023_6ACV,66,7.62,0.416,Tsuboyama_2023
YAIA_ECOLI_Tsuboyama_2023_2KVT,52,9.94,0.411,Tsuboyama_2023
DLG4_HUMAN_Faure_2021,84,15.71,0.396,HUMAN
SR43C_ARATH_Tsuboyama_2023_2N88,48,8.51,0.39,Tsuboyama_2023
THO1_YEAST_Tsuboyama_2023_2WQG,41,8.83,0.375,Tsuboyama_2023
NUSA_ECOLI_Tsuboyama_2023_1WCL,69,10.3,0.372,Tsuboyama_2023
RAD_ANTMA_Tsuboyama_2023_2CJJ,54,9.02,0.37,Tsuboyama_2023
RASK_HUMAN_Weng_2022_binding-DARPin_K55,182,23.0,0.361,HUMAN
PSAE_PICP2_Tsuboyama_2023_1PSE,68,9.12,0.36,Tsuboyama_2023
CBX4_HUMAN_Tsuboyama_2023_2K28,50,9.95,0.351,Tsuboyama_2023
PIN1_HUMAN_Tsuboyama_2023_1I6C,39,9.95,0.349,Tsuboyama_2023
SRBS1_HUMAN_Tsuboyama_2023_2O2W,67,8.98,0.346,Tsuboyama_2023
SPTN1_CHICK_Tsuboyama_2023_1TUD,59,8.75,0.344,Tsuboyama_2023
POLG_PESV_Tsuboyama_2023_2MXD,53,11.62,0.339,Tsuboyama_2023
HECD1_HUMAN_Tsuboyama_2023_3DKM,70,15.51,0.336,Tsuboyama_2023
AMFR_HUMAN_Tsuboyama_2023_4G3O,47,6.51,0.327,Tsuboyama_2023
NKX31_HUMAN_Tsuboyama_2023_2L9R,61,11.9,0.319,Tsuboyama_2023
MYO3_YEAST_Tsuboyama_2023_2BTT,60,15.82,0.314,Tsuboyama_2023
RPC1_BP434_Tsuboyama_2023_1R69,61,10.31,0.312,Tsuboyama_2023
SPG1_STRSG_Olson_2014,55,25.8,0.303,STRSG
SPA_STAAU_Tsuboyama_2023_1LP1,55,15.53,0.29,Tsuboyama_2023
HIS7_YEAST_Pokusaeva_2019,126,20.97,0.276,YEAST
DOCK1_MOUSE_Tsuboyama_2023_2M0Y,66,19.27,0.273,Tsuboyama_2023
UBR5_HUMAN_Tsuboyama_2023_1I2T,58,18.91,0.261,Tsuboyama_2023
Q6WV12_9MAXI_Somermeyer_2022,216,34.49,0.256,9MAXI
PITX2_HUMAN_Tsuboyama_2023_2L7M,52,8.9,0.254,Tsuboyama_2023
RCD1_ARATH_Tsuboyama_2023_5OAO,57,12.27,0.241,Tsuboyama_2023
RBP1_HUMAN_Tsuboyama_2023_2KWH,52,16.72,0.234,Tsuboyama_2023
RASK_HUMAN_Weng_2022_abundance,182,47.06,0.23,HUMAN
ODP2_GEOSE_Tsuboyama_2023_1W4G,44,20.06,0.23,Tsuboyama_2023
CAPSD_AAV2S_Sinai_2021,28,22.9,0.218,AAV2S
CSN4_MOUSE_Tsuboyama_2023_1UFM,72,13.92,0.205,Tsuboyama_2023
GRB2_HUMAN_Faure_2021,56,34.35,0.186,HUMAN
BBC1_YEAST_Tsuboyama_2023_1TG0,64,20.55,0.177,Tsuboyama_2023
BCHB_CHLTE_Tsuboyama_2023_2KRU,52,15.24,0.174,Tsuboyama_2023
A4_HUMAN_Seuma_2022,42,27.4,0.173,HUMAN
UBE4B_HUMAN_Tsuboyama_2023_3L1X,69,20.73,0.168,Tsuboyama_2023
Q8WTC7_9CNID_Somermeyer_2022,236,53.06,0.164,9CNID
SAV1_MOUSE_Tsuboyama_2023_2YSB,42,18.81,0.152,Tsuboyama_2023
NUSG_MYCTU_Tsuboyama_2023_2MI6,55,27.4,0.143,Tsuboyama_2023
RD23A_HUMAN_Tsuboyama_2023_1IFY,44,15.76,0.143,Tsuboyama_2023
CUE1_YEAST_Tsuboyama_2023_2MYX,52,19.57,0.113,Tsuboyama_2023
RFAH_ECOLI_Tsuboyama_2023_2LCL,55,21.47,0.111,Tsuboyama_2023
PABP_YEAST_Melamed_2013,75,50.18,0.103,YEAST
FECA_ECOLI_Tsuboyama_2023_2D1U,72,26.44,0.097,Tsuboyama_2023
ISDH_STAAW_Tsuboyama_2023_2LHR,55,13.2,0.096,Tsuboyama_2023
D7PM05_CLYGR_Somermeyer_2022,234,105.87,0.094,CLYGR
YAP1_HUMAN_Araya_2012,34,18.67,0.093,HUMAN
TNKS2_HUMAN_Tsuboyama_2023_5JRT,59,27.08,0.086,Tsuboyama_2023
GFP_AEQVI_Sarkisyan_2016,233,81.51,0.083,AEQVI
GCN4_YEAST_Staller_2018,44,39.8,0.02,YEAST
SPG1_STRSG_Wu_2016,4,3.95,-0.387,STRSG
