cell,d,k,sigma,N,encoding,cluster,r2_bb,r2_law,Lambda,depth_sel,terms_sel,law_top1_regret,law_top5_regret,law_spearman,bb_top1_regret,bb_top5_regret,bb_spearman
1,3,1,0.0,30,integer,d3_k1_s0.0,0.9557418233807896,0.968656577488411,1.0,2.0,4.0,0.0,0.0,0.9995520191298519,0.009847354849701536,0.0,0.9973634947533357
2,3,1,0.0,100,integer,d3_k1_s0.0,0.9986534168628051,0.9999119063161194,1.0,1.0,4.0,0.0,0.0,0.9998604864933486,0.002985931531522181,0.0,0.9998702374373618
3,3,1,0.0,300,integer,d3_k1_s0.0,0.999871273221792,0.9999201156292163,1.0,1.0,4.0,0.0,0.0,0.9998753004275227,0.002985931531522181,0.0,0.999903803186946
4,3,1,0.1,30,integer,d3_k1_s0.1,0.9731102557847646,0.9758724653499525,1.0,1.0,4.0,0.002985931531522181,0.0,0.9947219265165109,0.009847354849701536,0.002985931531522181,0.9954665611064472
5,3,1,0.1,100,integer,d3_k1_s0.1,0.9789874123214729,0.9820924915920031,1.0,1.5,4.0,0.002985931531522181,0.0,0.9986118031051882,0.0,0.0,0.9979941183055785
6,3,1,0.1,300,integer,d3_k1_s0.1,0.9880043253696349,0.9900308592461657,1.0,1.0,4.0,0.0,0.0,0.9999334310552941,0.002985931531522181,0.0,0.998839262626113
7,3,1,0.3,30,integer,d3_k1_s0.3,0.7244376221835493,0.6653617459953155,0.9184527771898822,1.0,4.0,0.002985931531522181,0.0,0.9907977341056331,0.05820165397969317,0.002985931531522181,0.9874565356358562
8,3,1,0.3,100,integer,d3_k1_s0.3,0.8729861276828523,0.8974413368924407,1.0,1.0,4.0,0.0,0.0,0.9977334680713776,0.009847354849701536,0.009847354849701536,0.9904245729789715
9,3,1,0.3,300,integer,d3_k1_s0.3,0.8949395624597852,0.9106164537649954,1.0,1.0,4.0,0.009847354849701536,0.0,0.9981285688220691,0.009847354849701536,0.009847354849701536,0.9965262261952736
10,3,1,0.0,30,continuous,d3_k1_s0.0,0.9909205351277487,0.9788831795143311,0.9878523502271898,1.0,4.0,0.0,0.0,0.9999381246132787,0.05565566699129351,0.0,0.9994131213320082
11,3,1,0.0,100,continuous,d3_k1_s0.0,0.999111417778807,0.9996956019009886,1.0,1.5,4.0,0.0,0.0,0.9995867474171714,0.0,0.0,0.9999422496390602
12,3,1,0.0,300,continuous,d3_k1_s0.0,0.9999240011182671,0.9999319984153835,1.0,1.0,4.0,0.0,0.0,0.9999339995874974,0.0,0.0,0.9999561247257794
13,3,1,0.1,30,continuous,d3_k1_s0.1,0.9279733811518325,0.9660723297149301,1.0,1.0,4.0,0.0,0.0,0.9954928468302926,0.05158138369200792,0.0,0.9954050962818518
14,3,1,0.1,100,continuous,d3_k1_s0.1,0.9866384100658189,0.9919968621693037,1.0,1.0,4.0,0.0,0.0,0.9998616241351508,0.0,0.0,0.9994749967187294
15,3,1,0.1,300,continuous,d3_k1_s0.1,0.9882232001743245,0.9907304218281271,1.0,1.0,4.0,0.0,0.0,0.9998739992124949,0.0,0.0,0.9992126825792661
16,3,1,0.3,30,continuous,d3_k1_s0.3,0.8403367522832679,0.6271981359947173,0.7463652330932398,2.0,4.0,0.7205437779725657,0.7205437779725657,0.9011208820055123,0.05565566699129351,0.05158138369200792,0.9779702998143738
17,3,1,0.3,100,continuous,d3_k1_s0.3,0.8907626695088012,0.8746100719921479,0.9818665531576886,1.0,4.0,0.0,0.0,0.9831299570622315,0.0,0.0,0.9948193426208913
18,3,1,0.3,300,continuous,d3_k1_s0.3,0.9320259826362758,0.9309589418608915,0.9988551383810501,1.0,4.0,0.0,0.0,0.9983597397483733,0.05158138369200792,0.0,0.9941254007837549
19,3,1,0.0,30,binary,d3_k1_s0.0,0.9828915127856812,1.0,1.0,1.0,3.0,0.0,0.0,1.0,0.0,0.0,1.0
20,3,1,0.0,100,binary,d3_k1_s0.0,0.999999973193407,1.0,1.0,1.0,3.0,0.0,0.0,1.0,0.0,0.0,1.0
21,3,1,0.0,300,binary,d3_k1_s0.0,0.9999999929196718,1.0,1.0,1.0,3.0,0.0,0.0,1.0,0.0,0.0,1.0
22,3,1,0.1,30,binary,d3_k1_s0.1,0.9880044420952371,0.992563222401195,1.0,1.0,3.0,0.0,0.0,1.0,0.0,0.0,0.9599880106607908
23,3,1,0.1,100,binary,d3_k1_s0.1,0.9872125379403779,0.9870138901475864,0.9997987791026177,1.0,3.0,0.0,0.0,1.0,0.0,0.0,1.0
24,3,1,0.1,300,binary,d3_k1_s0.1,0.9897050517397116,0.9901871718537527,1.0,1.0,3.0,0.0,0.0,1.0,0.0,0.0,1.0
25,3,1,0.3,30,binary,d3_k1_s0.3,0.7766767342997503,0.8118275526088058,1.0,1.0,3.0,1.0,1.0,0.9011470404773626,1.0,1.0,0.9190822532523941
26,3,1,0.3,100,binary,d3_k1_s0.3,0.9133515610385226,0.9148237556165709,1.0,1.0,3.0,0.0,0.0,1.0,0.0,0.0,1.0
27,3,1,0.3,300,binary,d3_k1_s0.3,0.9023231142220534,0.9069651529604748,1.0,1.0,3.0,0.0,0.0,1.0,0.0,0.0,0.9599880106607908
28,3,2,0.0,30,integer,d3_k2_s0.0,0.9522704051331113,0.9493728648313595,0.9969572294947602,3.0,4.0,0.0,0.0,0.9954524972448895,0.0,0.0,0.9965779812058054
29,3,2,0.0,100,integer,d3_k2_s0.0,0.9980628023840965,0.9862494445335716,0.9881637129223672,2.0,4.0,0.08061267316282111,0.0,0.9950150173913712,0.0,0.0,0.9993526873320423
30,3,2,0.0,300,integer,d3_k2_s0.0,0.9993389261469898,0.9929667422316671,0.993623600813899,2.0,4.0,0.0,0.0,0.996343958549487,0.0,0.0,0.9996236510647187
31,3,2,0.1,30,integer,d3_k2_s0.1,0.9328570851225839,0.9344750258029542,1.0,1.0,4.0,0.0,0.0,0.9873477751064775,0.0,0.0,0.9942188153090572
32,3,2,0.1,100,integer,d3_k2_s0.1,0.9842288343202319,0.9780159316899601,0.993687542557557,2.0,4.0,0.0,0.0,0.9952938568865198,0.0,0.0,0.9982144521366475
33,3,2,0.1,300,integer,d3_k2_s0.1,0.9856982383682288,0.9824141732223086,0.9966682854670038,2.0,4.0,0.08061267316282111,0.0,0.9958648496657583,0.0,0.0,0.9990054037106467
34,3,2,0.3,30,integer,d3_k2_s0.3,0.8564453830194924,0.8131603484027543,0.9494596672771685,1.0,4.0,0.0,0.0,0.9807996411652603,0.0,0.0,0.9794048811350549
35,3,2,0.3,100,integer,d3_k2_s0.3,0.9007016645233625,0.8882228845964668,0.98614549032337,1.5,4.0,0.02637946919961389,0.02637946919961389,0.9870955631892112,0.0,0.0,0.9905820882284165
36,3,2,0.3,300,integer,d3_k2_s0.3,0.8858063122234976,0.8884018147950128,1.0,2.0,4.0,0.0,0.0,0.9965577292451625,0.0,0.0,0.9896229328701885
37,3,2,0.0,30,continuous,d3_k2_s0.0,0.9802055457521185,0.9497263401459818,0.9689052916113122,1.0,4.0,0.6055877790463051,0.035199070790631795,0.9589464309151932,0.0,0.0,0.9989820561378507
38,3,2,0.0,100,continuous,d3_k2_s0.0,0.9996911339817497,0.9993774447984788,0.9996862138988655,2.0,4.0,0.0,0.0,0.9996098100613128,0.0,0.0,0.9999383121144506
39,3,2,0.0,300,continuous,d3_k2_s0.0,0.9998686674445689,0.9997653548565769,0.9998966738419196,2.0,4.0,0.0,0.0,0.9997986237413983,0.0,0.0,0.9999542497140607
40,3,2,0.1,30,continuous,d3_k2_s0.1,0.9538584950651204,0.9623796528466639,1.0,1.0,4.0,0.035199070790631795,0.0,0.9855775973599834,0.035199070790631795,0.0,0.9918995743723398
41,3,2,0.1,100,continuous,d3_k2_s0.1,0.9856129147986655,0.9798475656037724,0.9941504934560736,2.0,4.0,0.0,0.0,0.9988099300620629,0.0,0.0,0.9984519903249394
42,3,2,0.1,300,continuous,d3_k2_s0.1,0.9888289635175349,0.9908715011968686,1.0,2.0,4.0,0.0,0.0,0.9996291226820166,0.0,0.0,0.9991206195038718
43,3,2,0.3,30,continuous,d3_k2_s0.3,0.8161943479814578,-373.9303340277695,0.0,1.0,4.0,0.0,0.0,0.9950544690904317,0.16116821293588343,0.07107379498552792,0.9290180563628523
44,3,2,0.3,100,continuous,d3_k2_s0.3,0.8966326945833274,0.8792680193040847,0.9806334573966075,1.0,4.0,0.0,0.0,0.9950915943224644,0.0,0.0,0.9928802055012843
45,3,2,0.3,300,continuous,d3_k2_s0.3,0.8904561755351625,0.9056491137628051,1.0,2.0,4.0,0.0,0.0,0.9990714941968387,0.0,0.0,0.9947426546415914
46,3,2,0.0,30,binary,d3_k2_s0.0,0.9987374417352739,0.9916710722094387,0.9929246974925086,2.0,4.0,0.0,0.0,1.0,0.0,0.0,1.0
47,3,2,0.0,100,binary,d3_k2_s0.0,0.9999999469052467,1.0,1.0,2.0,4.0,0.0,0.0,1.0,0.0,0.0,1.0
48,3,2,0.0,300,binary,d3_k2_s0.0,0.9999999876189087,1.0,1.0,2.0,4.0,0.0,0.0,1.0,0.0,0.0,1.0
49,3,2,0.1,30,binary,d3_k2_s0.1,0.9833129492892089,0.9689980705643625,0.9854421944354603,1.0,3.0,0.0,0.0,1.0,0.0,0.0,1.0
50,3,2,0.1,100,binary,d3_k2_s0.1,0.9902923556891852,0.9906882564875134,1.0,2.0,4.0,0.0,0.0,1.0,0.0,0.0,1.0
51,3,2,0.1,300,binary,d3_k2_s0.1,0.9897978528904274,0.9900094197677135,1.0,2.0,4.0,0.0,0.0,1.0,0.0,0.0,1.0
52,3,2,0.3,30,binary,d3_k2_s0.3,0.8651537253193816,0.8252270530291401,0.9538501989626155,1.0,3.0,0.0,0.0,1.0,0.0,0.0,1.0
53,3,2,0.3,100,binary,d3_k2_s0.3,0.9159486333596153,0.9106414255530253,0.9942057800914843,1.5,3.5,0.0,0.0,1.0,0.0,0.0,1.0
54,3,2,0.3,300,binary,d3_k2_s0.3,0.9040799689074432,0.9082260345336383,1.0,2.0,4.0,0.0,0.0,1.0,0.0,0.0,1.0
55,3,3,0.0,30,integer,d3_k3_s0.0,0.936883194280275,0.8945570243729961,0.9548223618849366,3.0,4.0,0.0,0.0,0.9950737105736049,0.0,0.0,0.9974195626814121
56,3,3,0.0,100,integer,d3_k3_s0.0,0.999494797273888,0.9829995844486887,0.9834964495361158,2.0,4.0,0.0,0.0,0.996019739661046,0.0,0.0,0.9998312336613089
57,3,3,0.0,300,integer,d3_k3_s0.0,0.9998396421218807,0.9879821566945423,0.9881406128264986,2.0,4.0,0.0,0.0,0.9960024879908687,0.0,0.0,0.9998903018798508
58,3,3,0.1,30,integer,d3_k3_s0.1,0.9757913890134998,0.9292145309026283,0.9522676069544336,1.0,4.0,0.18816663580136855,0.0,0.9717430768766302,0.0,0.0,0.9919586589976742
59,3,3,0.1,100,integer,d3_k3_s0.1,0.9909068510301301,0.9800382385095147,0.9890316506447436,2.0,4.0,0.0,0.0,0.9957444630108252,0.0,0.0,0.9989227082046881
60,3,3,0.1,300,integer,d3_k3_s0.1,0.9884679533079216,0.9768172647187086,0.9882133876467883,1.5,4.0,0.0,0.0,0.996745434917418,0.0,0.0,0.9981045664983442
61,3,3,0.3,30,integer,d3_k3_s0.3,0.836178723061791,0.8285171127274323,0.9908373531602137,1.0,4.0,0.18940000697946335,0.0,0.9649129156316446,0.09372923128927443,0.0,0.9838803769189906
62,3,3,0.3,100,integer,d3_k3_s0.3,0.8516258248509969,0.8814012289912483,1.0,1.0,4.0,0.0,0.0,0.9827477672682187,0.0,0.0,0.9927488604990571
63,3,3,0.3,300,integer,d3_k3_s0.3,0.9026289681479507,0.8982790258458012,0.9951808080001301,1.0,4.0,0.0,0.0,0.9937029528671244,0.0,0.0,0.9948509390065327
64,3,3,0.0,30,continuous,d3_k3_s0.0,0.9888532335412039,0.9799707969926511,0.9910174369185771,2.0,4.0,0.0,0.0,0.992898018112613,0.0,0.0,0.9967236045225282
65,3,3,0.0,100,continuous,d3_k3_s0.0,0.9988100882564196,0.9908215898994718,0.9920019847107342,1.0,4.0,0.0,0.0,0.9958069112931955,0.0,0.0,0.9999293120582002
66,3,3,0.0,300,continuous,d3_k3_s0.0,0.9996816900095514,0.9899836795776816,0.9902989016115948,1.0,4.0,0.0,0.0,0.9951440946505916,0.0,0.0,0.9999208745054655
67,3,3,0.1,30,continuous,d3_k3_s0.1,0.9833709652306407,0.9731180432271728,0.9895736986691861,1.0,4.0,0.0,0.0,0.9910276939230869,0.04226919668025088,0.0,0.9910305064406651
68,3,3,0.1,100,continuous,d3_k3_s0.1,0.9847483081942776,0.9794742013124201,0.9946442082327326,1.0,4.0,0.0,0.0,0.9960512253201582,0.0,0.0,0.9976911105694409
69,3,3,0.1,300,continuous,d3_k3_s0.1,0.9890652283335069,0.9809198618932227,0.9917645811348474,1.0,4.0,0.0,0.0,0.9953449084056775,0.0,0.0,0.9983248645304033
70,3,3,0.3,30,continuous,d3_k3_s0.3,0.6014498993490915,0.7727787196414966,1.0,1.0,4.0,0.0,0.0,0.992503140644629,0.052864293982343255,0.0,0.9891866199163745
71,3,3,0.3,100,continuous,d3_k3_s0.3,0.9180420571165036,0.9252380252800354,1.0,1.0,4.0,0.0,0.0,0.9958738492115575,0.04565434320398752,0.0,0.9944085275532972
72,3,3,0.3,300,continuous,d3_k3_s0.3,0.9021678400222183,0.9088236491782723,1.0,1.0,4.0,0.0,0.0,0.9954320964506027,0.0,0.0,0.9955404721279507
73,3,3,0.0,30,binary,d3_k3_s0.0,0.9927078248610619,0.8815024522144608,0.8879777414244062,2.0,4.0,0.0,0.0,0.9426272949982631,0.0,0.0,1.0
74,3,3,0.0,100,binary,d3_k3_s0.0,0.9999997536732759,0.9977131269603748,0.9977133727238415,2.0,4.0,0.0,0.0,0.9426272949982631,0.0,0.0,1.0
75,3,3,0.0,300,binary,d3_k3_s0.0,0.9999999406090289,0.9970379225772097,0.9970379817922637,2.0,4.0,0.0,0.0,0.9426272949982631,0.0,0.0,1.0
76,3,3,0.1,30,binary,d3_k3_s0.1,0.9764172781463145,0.9565006659568653,0.9796023558418999,2.0,4.0,0.0,0.0,0.9599880106607908,0.0,0.0,0.9826392843374723
77,3,3,0.1,100,binary,d3_k3_s0.1,0.989798346546382,0.9871475625902448,0.9973218949441709,2.0,4.0,0.0,0.0,0.9426272949982631,0.0,0.0,1.0
78,3,3,0.1,300,binary,d3_k3_s0.1,0.9883014190264235,0.9865951520260653,0.9982735358186179,2.0,4.0,0.0,0.0,0.9426272949982631,0.0,0.0,1.0
79,3,3,0.3,30,binary,d3_k3_s0.3,0.8558516124514317,0.7631246776866875,0.8916553600931536,1.0,3.0,0.0,0.0,0.9447699366842808,0.0,0.0,0.9066386915418453
80,3,3,0.3,100,binary,d3_k3_s0.3,0.9184060433175665,0.9242886461001791,1.0,2.0,4.0,0.0,0.0,0.8767251949101539,0.0,0.0,0.8767251949101539
81,3,3,0.3,300,binary,d3_k3_s0.3,0.9039801019898583,0.908270330334812,1.0,2.0,4.0,0.0,0.0,0.9533782441145735,0.0,0.0,0.980837452484619
82,5,1,0.0,30,integer,d5_k1_s0.0,0.9446998482316495,0.9366393817958294,0.9914676958497366,1.0,4.0,0.0078760165782442,0.0,0.9969561860340646,0.04838473216056152,0.0078760165782442,0.9939643293552406
83,5,1,0.0,100,integer,d5_k1_s0.0,0.993790767937848,0.9943303850029267,1.0,1.0,4.0,0.0078760165782442,0.0,0.9970313743423392,0.0,0.0,0.9993538701136426
84,5,1,0.0,300,integer,d5_k1_s0.0,0.9993741611957869,0.9942180476150365,0.9948406575025104,1.0,4.0,0.0078760165782442,0.0,0.9970304368322609,0.0078760165782442,0.0,0.9998308737209824
85,5,1,0.1,30,integer,d5_k1_s0.1,0.9255393834600218,0.8734006529662437,0.94366665381773,2.0,4.0,0.0,0.0,0.9925516936721832,0.05304889148677075,0.0,0.9897882977740018
86,5,1,0.1,100,integer,d5_k1_s0.1,0.9702781958736216,0.9780453951513395,1.0,2.0,4.0,0.0,0.0,0.999305682249222,0.0078760165782442,0.0,0.995934031751115
87,5,1,0.1,300,integer,d5_k1_s0.1,0.9845829902867909,0.9811443812151872,0.9965075477582626,1.0,4.0,0.0078760165782442,0.0,0.9969464359292509,0.02104933407032544,0.0,0.9965304737617077
88,5,1,0.3,30,integer,d5_k1_s0.3,0.8188327774601676,0.9050139949262789,1.0,1.0,4.0,0.0078760165782442,0.0,0.9887439727527301,0.04838473216056152,0.0,0.9881345352674229
89,5,1,0.3,100,integer,d5_k1_s0.3,0.9054788972939161,0.9189106749601339,1.0,1.0,4.0,0.0078760165782442,0.0,0.9964969935977436,0.04838473216056152,0.0078760165782442,0.9913308719397189
90,5,1,0.3,300,integer,d5_k1_s0.3,0.8967965897803879,0.907703887203864,1.0,1.5,4.0,0.0,0.0,0.9983558000657379,0.0,0.0,0.9944188327924228
91,5,1,0.0,30,continuous,d5_k1_s0.0,0.9924205171198138,0.9868655655223882,0.9944026231807993,1.0,4.0,0.0,0.0,0.9865867286670542,0.4726967549297878,0.0,0.9956895355595972
92,5,1,0.0,100,continuous,d5_k1_s0.0,0.9985545609578689,0.9963937732063332,0.9978360844404306,1.0,4.0,0.0,0.0,0.9985828661429133,0.0,0.0,0.9996619353870961
93,5,1,0.0,300,continuous,d5_k1_s0.0,0.9994431536235903,0.9901839809435935,0.9907356685105835,1.0,4.0,0.0,0.0,0.9987375546097162,0.0,0.0,0.9998638741492133
94,5,1,0.1,30,continuous,d5_k1_s0.1,0.9223365660242232,0.5198461593779138,0.5636187250156806,1.0,4.0,0.0,0.0,0.9882044887780548,0.0,0.0,0.9918806367539796
95,5,1,0.1,100,continuous,d5_k1_s0.1,0.9614336637564632,0.983791572414487,1.0,1.0,4.0,0.0,0.0,0.9984274276714229,0.4726967549297878,0.0,0.9956840980256125
96,5,1,0.1,300,continuous,d5_k1_s0.1,0.9809159176428188,0.9805343400224371,0.9996109986457364,1.0,4.0,0.0,0.0,0.9987073669210432,0.4726967549297878,0.0,0.9980246751542197
97,5,1,0.3,30,continuous,d5_k1_s0.3,0.6843421182120811,0.7245949797600637,1.0,1.0,4.0,0.0,0.0,0.9860152250951567,0.7203106811556692,0.0,0.9695861849136557
98,5,1,0.3,100,continuous,d5_k1_s0.3,0.9007986019732944,0.8886156553971631,0.986475393556958,1.0,4.0,0.0,0.0,0.9846535915849474,0.4726967549297878,0.4726967549297878,0.984015150094688
99,5,1,0.3,300,continuous,d5_k1_s0.3,0.8988110371502367,0.9123146493253349,1.0,1.0,4.0,0.0,0.0,0.9979676747979674,0.4726967549297878,0.0,0.9947254045337783
100,5,1,0.0,30,binary,d5_k1_s0.0,0.9990471985158511,0.9731700872220017,0.9740982094416645,1.0,4.0,0.2010310126369155,0.0,0.9379390046293986,0.0,0.0,1.0
101,5,1,0.0,100,binary,d5_k1_s0.0,0.9999991962724615,0.9998639814982635,0.9998647851171261,2.0,4.0,0.0,0.0,1.0,0.0,0.0,1.0
102,5,1,0.0,300,binary,d5_k1_s0.0,0.9999999646992516,0.9971755593152092,0.997175594516254,2.0,4.0,0.0,0.0,1.0,0.0,0.0,1.0
103,5,1,0.1,30,binary,d5_k1_s0.1,0.9856465514281384,0.9615897699544657,0.9755928923620582,2.0,4.0,0.0,0.0,0.9951610485527401,0.0,0.0,0.995817893457654
104,5,1,0.1,100,binary,d5_k1_s0.1,0.9911039577050285,0.9927756847104809,1.0,2.0,4.0,0.0,0.0,0.9983206246014982,0.0,0.0,0.9989947400783615
105,5,1,0.1,300,binary,d5_k1_s0.1,0.9900693919095181,0.9895094625356039,0.9994344544145191,2.0,4.0,0.0,0.0,0.9916951075754831,0.0,0.0,0.9990013104046469
106,5,1,0.3,30,binary,d5_k1_s0.3,0.9105380358441653,0.9003016303976781,0.9887578497069626,2.0,4.0,0.0,0.0,0.9805647871247135,0.0,0.0,0.9740151104363909
107,5,1,0.3,100,binary,d5_k1_s0.3,0.9000876296466511,0.9122980802371266,1.0,2.0,4.0,0.0,0.0,0.9966872414869925,0.0,0.0,0.9950546092669197
108,5,1,0.3,300,binary,d5_k1_s0.3,0.9075617895341936,0.9145537890578378,1.0,2.0,4.0,0.0,0.0,0.9913729738638992,0.0,0.0,0.9955209147095622
109,5,2,0.0,30,integer,d5_k2_s0.0,0.9409557532520886,0.33137939550876394,0.35217319662849766,1.0,4.0,0.0,0.0,0.9182242235018324,0.0,0.0,0.9969448518954424
110,5,2,0.0,100,integer,d5_k2_s0.0,0.9956431401054573,0.9909763980239262,0.9953128366042509,2.0,4.0,0.0,0.0,0.9959865321481493,0.0,0.0,0.9995250589082578
111,5,2,0.0,300,integer,d5_k2_s0.0,0.9987995358788019,0.9910208736028931,0.9922119884957049,2.0,4.0,0.0,0.0,0.9963249722076022,0.0,0.0,0.9998479363500186
112,5,2,0.1,30,integer,d5_k2_s0.1,0.9749889203825991,0.9325291924302701,0.9564510661970731,1.0,4.0,0.056003411560971314,0.0,0.919260104696382,0.0,0.0,0.9936903897835726
113,5,2,0.1,100,integer,d5_k2_s0.1,0.9735492598450438,0.9746504491267061,1.0,2.0,4.0,0.0,0.0,0.9955331537194749,0.0,0.0,0.9936718271431927
114,5,2,0.1,300,integer,d5_k2_s0.1,0.987323163244313,0.9847452168273038,0.9973889537762507,2.0,4.0,0.0,0.0,0.9957917181748687,0.0,0.0,0.9977946083217253
115,5,2,0.3,30,integer,d5_k2_s0.3,0.8821512167359434,0.6608786351269418,0.749167061824463,1.0,4.0,0.0,0.0,0.914520984142103,0.0,0.0,0.9701115239684
116,5,2,0.3,100,integer,d5_k2_s0.3,0.9127890651356055,0.9028107002340762,0.9890682685818032,2.0,4.0,0.0,0.0,0.9951525258409765,0.0,0.0,0.9912277461598302
117,5,2,0.3,300,integer,d5_k2_s0.3,0.8949463420428703,0.9015671596241261,1.0,2.0,4.0,0.0,0.0,0.9962036587901696,0.0,0.0,0.99095680661085
118,5,2,0.0,30,continuous,d5_k2_s0.0,0.9533489387671625,0.9415550914260488,0.9876290339648721,2.0,4.0,0.049934892254730356,0.0,0.995019031368946,0.0,0.0,0.9952438452740328
119,5,2,0.0,100,continuous,d5_k2_s0.0,0.9979514632755555,0.9861959343239267,0.9882203399822234,2.0,4.0,0.049934892254730356,0.0,0.994219151369696,0.0,0.0,0.9995820598878742
120,5,2,0.0,300,continuous,d5_k2_s0.0,0.9995667982413063,0.9863280933175684,0.9867555575605044,2.0,4.0,0.0,0.0,0.9916351977199857,0.0,0.0,0.9998460615378845
121,5,2,0.1,30,continuous,d5_k2_s0.1,0.8929616155003595,0.8934037852844798,1.0,2.0,4.0,0.07949294683635533,0.0,0.9771803573772335,0.0,0.0,0.9885958037237731
122,5,2,0.1,100,continuous,d5_k2_s0.1,0.9723195459470899,0.9787635172072859,1.0,2.0,4.0,0.0,0.0,0.9911443196519977,0.0,0.0,0.9970380439877747
123,5,2,0.1,300,continuous,d5_k2_s0.1,0.9815755751806203,0.9740753911826195,0.9923590356283869,2.0,4.0,0.0,0.0,0.9931166444790279,0.0,0.0,0.9974979843624021
124,5,2,0.3,30,continuous,d5_k2_s0.3,0.8509425829183379,0.7319464553591984,0.8601596277494564,1.0,4.0,0.07513933956785161,0.0689496878992911,0.9556212851330319,0.08340247597525034,0.0,0.976325539534622
125,5,2,0.3,100,continuous,d5_k2_s0.3,0.8995575406898915,0.8983413534037037,0.9986480161288459,1.0,4.0,0.07513933956785161,0.0,0.9757722235763973,0.0,0.0,0.9920733879586746
126,5,2,0.3,300,continuous,d5_k2_s0.3,0.8843212301114279,0.8944358190021032,1.0,2.0,4.0,0.049934892254730356,0.0,0.9938606491290569,0.0,0.0,0.9941591509946937
127,5,2,0.0,30,binary,d5_k2_s0.0,0.9937527447379594,0.8885717370847365,0.8941577689116643,1.0,4.0,0.09291416075673012,0.0,0.9375318178009696,0.0,0.0,0.9997583997163122
128,5,2,0.0,100,binary,d5_k2_s0.0,0.9999909153575394,0.9919456717951898,0.9919546833488252,2.0,4.0,0.0,0.0,0.9973752485108591,0.0,0.0,1.0
129,5,2,0.0,300,binary,d5_k2_s0.0,0.9999943345086667,0.9926514568790284,0.9926570807691165,2.0,4.0,0.0,0.0,0.9970371582925827,0.0,0.0,1.0
130,5,2,0.1,30,binary,d5_k2_s0.1,0.9514754429263399,0.9201468504300331,0.9670736720225241,1.0,4.0,0.09291416075673012,0.0,0.9322055323266372,0.0,0.0,0.980221628369017
131,5,2,0.1,100,binary,d5_k2_s0.1,0.9809474853278647,0.9756953385281126,0.9946458430463313,2.0,4.0,0.0,0.0,0.9972851411789476,0.0,0.0,0.9991918498669182
132,5,2,0.1,300,binary,d5_k2_s0.1,0.986037674680489,0.9800619120942303,0.9939396204225208,2.0,4.0,0.0,0.0,0.9970371582925827,0.0,0.0,0.9982654338607022
133,5,2,0.3,30,binary,d5_k2_s0.3,0.8023899463949087,0.7995153226197318,0.9964174229897914,1.0,4.0,0.09291416075673012,0.0,0.9298441648007922,0.0,0.0,0.980917707508034
134,5,2,0.3,100,binary,d5_k2_s0.3,0.874049164901674,0.8742636519852163,1.0,2.0,4.0,0.0,0.0,0.9894792181048909,0.0,0.0,0.993008234214486
135,5,2,0.3,300,binary,d5_k2_s0.3,0.901646237618651,0.9029617768243562,1.0,2.0,4.0,0.0,0.0,0.9970371582925827,0.0,0.0,0.9963853819250887
136,5,3,0.0,30,integer,d5_k3_s0.0,0.9620872939018399,0.9086991979615955,0.9445080542289217,2.0,4.0,0.3405501653724531,0.0,0.9652370496051874,0.0,0.0,0.9962430340879451
137,5,3,0.0,100,integer,d5_k3_s0.0,0.98998560960511,0.9654707381529882,0.9752371436369662,2.0,4.0,0.12462941936733751,0.0,0.9895102331711383,0.0,0.0,0.99935874515051
138,5,3,0.0,300,integer,d5_k3_s0.0,0.9990948595221717,0.9659496085842124,0.96682472077395,1.5,4.0,0.3405501653724531,0.0,0.9881939732169224,0.0,0.0,0.999825061177025
139,5,3,0.1,30,integer,d5_k3_s0.1,0.9201205161139282,0.5798260202676921,0.6301631254963767,2.0,4.0,0.3405501653724531,0.0,0.952502574417001,0.0,0.0,0.9897102971841223
140,5,3,0.1,100,integer,d5_k3_s0.1,0.9743620167458444,0.9516190587614665,0.9766586160035934,2.5,4.0,0.3405501653724531,0.0,0.9883799746235579,0.12462941936733751,0.0,0.9952567766293733
141,5,3,0.1,300,integer,d5_k3_s0.1,0.9812249507866301,0.9643720225537254,0.9828246028401602,2.5,4.0,0.0,0.0,0.9892976065631496,0.0,0.0,0.9978664213648115
142,5,3,0.3,30,integer,d5_k3_s0.3,0.8545923455311618,0.7990425280396132,0.9349984612171757,1.0,4.0,0.3405501653724531,0.0,0.9293586034031018,0.3405501653724531,0.0,0.9771700148482373
143,5,3,0.3,100,integer,d5_k3_s0.3,0.885914853739856,0.8530802976530871,0.962937119805409,1.0,4.0,0.3405501653724531,0.0,0.9710113011491069,0.0,0.0,0.9905774912422775
144,5,3,0.3,300,integer,d5_k3_s0.3,0.9076482813500574,0.9028980597395597,0.9947664511594381,2.0,4.0,0.12462941936733751,0.0,0.9867217120829475,0.12462941936733751,0.0,0.9932188237173543
145,5,3,0.0,30,continuous,d5_k3_s0.0,0.9492381846377206,0.7577544760382996,0.7982764371489108,1.0,4.0,0.12153510817907993,0.0,0.9564451652822828,0.04865143287765532,0.04865143287765532,0.9921633885211781
146,5,3,0.0,100,continuous,d5_k3_s0.0,0.9953762286824772,0.9837987712698806,0.9883687624046226,2.0,4.0,0.04865143287765532,0.0,0.9909376933605835,0.0,0.0,0.9994354339714623
147,5,3,0.0,300,continuous,d5_k3_s0.0,0.9992420133863924,0.988795279898672,0.989545342021482,2.0,4.0,0.0,0.0,0.9944190276189225,0.04865143287765532,0.0,0.9998100613128832
148,5,3,0.1,30,continuous,d5_k3_s0.1,0.915649844705066,0.7365119347995763,0.8043598096571614,2.0,4.0,0.12153510817907993,0.0,0.9817169482309264,0.2882731994607292,0.04865143287765532,0.9887557422233889
149,5,3,0.1,100,continuous,d5_k3_s0.1,0.9783452742871553,0.9706306083337669,0.9921145773827041,2.0,4.0,0.04865143287765532,0.0,0.9907029418933868,0.04865143287765532,0.0,0.9967288545553409
150,5,3,0.1,300,continuous,d5_k3_s0.1,0.9800125503721999,0.9782665735969249,0.9982184138615247,2.0,4.0,0.0,0.0,0.9942986518665741,0.0,0.0,0.9967899799373746
151,5,3,0.3,30,continuous,d5_k3_s0.3,0.8257466890039975,0.8507931718253309,1.0,1.0,4.0,0.04865143287765532,0.04865143287765532,0.9177226107663172,0.04865143287765532,0.0,0.9877910486940542
152,5,3,0.3,100,continuous,d5_k3_s0.3,0.8740828948639785,0.8676609600531479,0.9926529453344011,2.0,4.0,0.0,0.0,0.9928338927118294,0.04865143287765532,0.0,0.9930412690079313
153,5,3,0.3,300,continuous,d5_k3_s0.3,0.9009841677990702,0.9124089258639547,1.0,2.0,4.0,0.0,0.0,0.988541990887443,0.2122574197728838,0.12153510817907993,0.9915898224363902
154,5,3,0.0,30,binary,d5_k3_s0.0,0.9841512031489438,0.9065767029545669,0.921176238014885,1.0,4.0,0.0,0.0,0.9242310141088894,0.0,0.0,0.9923656563037918
155,5,3,0.0,100,binary,d5_k3_s0.0,0.9998779823168313,0.967979393789624,0.9680975188059501,2.5,4.0,0.0,0.0,0.9703965501657084,0.0,0.0,1.0
156,5,3,0.0,300,binary,d5_k3_s0.0,0.9999954651574932,0.9755864305223878,0.9755908546732649,3.0,4.0,0.0,0.0,0.9843235769306834,0.0,0.0,1.0
157,5,3,0.1,30,binary,d5_k3_s0.1,0.813270014147922,0.7666254228524434,0.9426456275480057,1.0,4.0,0.0,0.0,0.9479684352586937,0.0,0.0,0.9951721242456211
158,5,3,0.1,100,binary,d5_k3_s0.1,0.9865845796445503,0.9653326525752554,0.9784590926031383,2.5,4.0,0.0,0.0,0.9781059833051764,0.11945766119782096,0.11945766119782096,0.9951659293665521
159,5,3,0.1,300,binary,d5_k3_s0.1,0.989124887905121,0.9604416149623209,0.9710013636361444,2.0,4.0,0.0,0.0,0.9781059833051764,0.0,0.0,0.9983927104670274
160,5,3,0.3,30,binary,d5_k3_s0.3,0.7801622193735591,0.8000637927166374,1.0,1.0,4.0,0.0,0.0,0.9479684352586937,0.0,0.0,0.9631911549141208
161,5,3,0.3,100,binary,d5_k3_s0.3,0.8974524785889314,0.8852798455067779,0.9864364594532151,2.0,4.0,0.0,0.0,0.9824504707685715,0.0,0.0,0.9849090868645005
162,5,3,0.3,300,binary,d5_k3_s0.3,0.917514683038411,0.8947000349753139,0.9751342965024332,2.0,4.0,0.0,0.0,0.9703965501657084,0.0,0.0,0.9839284187355296
163,9,1,0.0,30,integer,d9_k1_s0.0,0.9523207224849574,0.31117990914602434,0.32675956933294564,2.0,4.0,0.276665954264953,0.0,0.8831920151436717,0.15691966320874692,0.0,0.9887915549472183
164,9,1,0.0,100,integer,d9_k1_s0.0,0.9839635281014546,0.9056851363957386,0.9204458402469925,2.0,4.0,0.15691966320874692,0.0,0.9670514019017975,0.0,0.0,0.9969622935143344
165,9,1,0.0,300,integer,d9_k1_s0.0,0.9930469494294187,0.9147959176480667,0.9212010753103735,2.0,4.0,0.15691966320874692,0.0,0.9670688395115998,0.0,0.0,0.9973806086288038
166,9,1,0.1,30,integer,d9_k1_s0.1,0.919937805975092,0.635893322915317,0.6912351234889179,1.0,4.0,0.15691966320874692,0.15691966320874692,0.8476323504540546,0.0,0.0,0.9853704085650535
167,9,1,0.1,100,integer,d9_k1_s0.1,0.9662777270859119,0.8531706267304602,0.8829455577988342,2.0,4.0,0.276665954264953,0.15691966320874692,0.9202550280594327,0.0,0.0,0.9949577184857404
168,9,1,0.1,300,integer,d9_k1_s0.1,0.9800185640920791,0.8517005994052662,0.8690657816204831,2.0,4.0,0.15691966320874692,0.0,0.9300397872855247,0.15691966320874692,0.0,0.9953623460146626
169,9,1,0.3,30,integer,d9_k1_s0.3,0.9080847643053732,0.31640880851942643,0.34843532339347083,1.0,4.0,0.276665954264953,0.15691966320874692,0.8409827780973491,0.0,0.0,0.9593159957249732
170,9,1,0.3,100,integer,d9_k1_s0.3,0.8655486917514762,0.8253022458992642,0.9535018119306823,2.0,4.0,0.15691966320874692,0.0,0.961169302362952,0.2354081978537216,0.0,0.9910749442184014
171,9,1,0.3,300,integer,d9_k1_s0.3,0.8852930326876571,0.8398338568797099,0.94865070193771,2.0,4.0,0.15691966320874692,0.0,0.9672259655010025,0.2354081978537216,0.0,0.9822710141938387
172,9,1,0.0,30,continuous,d9_k1_s0.0,0.9061169146824131,0.3066704702069144,0.33844470314782726,1.0,4.0,0.1255258665992664,0.0057943531103692185,0.6656070350439689,0.0,0.0,0.979179307370671
173,9,1,0.0,100,continuous,d9_k1_s0.0,0.9865939872675674,0.7172581781251275,0.7270044084817687,2.0,4.0,0.16747511157194886,0.0,0.8331923949524684,0.0,0.0,0.9967924174526089
174,9,1,0.0,300,continuous,d9_k1_s0.0,0.993369203284247,0.8428603623306791,0.8484865038537935,2.0,4.0,0.0,0.0,0.9139783998649991,0.0,0.0,0.997350233438959
175,9,1,0.1,30,continuous,d9_k1_s0.1,0.9149147509095515,0.20303912345091302,0.22192135742599417,1.0,4.0,0.23808670948992958,0.0,0.7617298858117862,0.0,0.0,0.983036956480978
176,9,1,0.1,100,continuous,d9_k1_s0.1,0.9783697026383315,0.7754967516228748,0.7926418301094391,2.0,4.0,0.0,0.0,0.9120381377383607,0.0,0.0,0.9949924062025387
177,9,1,0.1,300,continuous,d9_k1_s0.1,0.9806424043637159,0.8461564741972951,0.8628593567155796,2.0,4.0,0.0,0.0,0.9216563853524082,0.0,0.0,0.9919177619860123
178,9,1,0.3,30,continuous,d9_k1_s0.3,0.5620152117248318,0.21697484389947563,0.38606578500531524,1.0,4.0,0.2511457116600483,0.10059654513407988,0.6489423058894117,0.10059654513407988,0.0,0.9432658954118462
179,9,1,0.3,100,continuous,d9_k1_s0.3,0.8628623667181621,0.593687214196988,0.6880439304069277,2.0,4.0,0.0,0.0,0.8373247332795829,0.0,0.0,0.9814926968293551
180,9,1,0.3,300,continuous,d9_k1_s0.3,0.8917017078906052,0.7267531136939266,0.8150181919165791,2.0,4.0,0.0,0.0,0.9195784973656084,0.0,0.0,0.9861776011100069
181,9,1,0.0,30,binary,d9_k1_s0.0,0.9613145413103958,0.622328986360891,0.6473729040991892,1.0,4.0,0.4819616535819921,0.09892566841175139,0.7423698916778453,0.0,0.0,0.9933302888904995
182,9,1,0.0,100,binary,d9_k1_s0.0,0.9997734633517678,0.7799964338919143,0.7801731717072736,2.0,4.0,0.11179502906000144,0.0,0.8869301921557575,0.0,0.0,0.9999638116936793
183,9,1,0.0,300,binary,d9_k1_s0.0,0.9999825433128331,0.8336827268758364,0.8336972804684535,2.0,4.0,0.11179502906000144,0.0,0.9053821578679189,0.0,0.0,0.9999939998663095
184,9,1,0.1,30,binary,d9_k1_s0.1,0.9039932131958824,0.4778284720078798,0.5285752868858554,1.0,4.0,0.2624106723840284,0.09892566841175139,0.7930245569494419,0.0,0.0,0.984281337268546
185,9,1,0.1,100,binary,d9_k1_s0.1,0.980747168214951,0.8087746948858094,0.8246515729001318,2.0,4.0,0.11179502906000144,0.09892566841175139,0.8904749972644107,0.0,0.0,0.9960097235916539
186,9,1,0.1,300,binary,d9_k1_s0.1,0.9893410379146609,0.7323552623705192,0.7402455112083313,2.0,4.0,0.09892566841175139,0.0,0.8675297393271099,0.0,0.0,0.9985044666776481
187,9,1,0.3,30,binary,d9_k1_s0.3,0.7277164118496652,0.48737401785821943,0.6697306944327969,1.0,4.0,0.2624106723840284,0.11179502906000144,0.7231101554854699,0.0,0.0,0.9799790539082949
188,9,1,0.3,100,binary,d9_k1_s0.3,0.8810893369065635,0.7527166104454148,0.8543022584839632,2.0,4.0,0.11179502906000144,0.11179502906000144,0.902652684451628,0.0,0.0,0.9901612807810374
189,9,1,0.3,300,binary,d9_k1_s0.3,0.8814959665591633,0.7201881065966341,0.8170066953429416,2.0,4.0,0.11179502906000144,0.11179502906000144,0.894511708071734,0.0,0.0,0.986749454761289
190,9,2,0.0,30,integer,d9_k2_s0.0,0.7789121660673716,-0.5382989182309106,0.0,2.0,4.0,0.17917031534955338,0.17917031534955338,0.40732063077869674,0.0,0.0,0.9891817448859054
191,9,2,0.0,100,integer,d9_k2_s0.0,0.9776514400635554,0.6831138361584493,0.6987294327659778,2.0,4.0,0.18959341403646357,0.0537424429653279,0.8877422983893648,0.0,0.0,0.9956792229951437
192,9,2,0.0,300,integer,d9_k2_s0.0,0.9917683615150779,0.7781275750999677,0.7845860034406207,2.0,4.0,0.0537424429653279,0.0,0.8495276563343025,0.0,0.0,0.9982123638272739
193,9,2,0.1,30,integer,d9_k2_s0.1,0.9051635986554176,-0.45971718449195276,0.0,2.0,4.0,0.3357673752121109,0.0537424429653279,0.5378263564284117,0.0,0.0,0.982702079387996
194,9,2,0.1,100,integer,d9_k2_s0.1,0.9497021722700609,0.6030910296863051,0.6350317471052471,2.0,4.0,0.20485177517943973,0.0,0.8882231346655144,0.0,0.0,0.9924971406071288
195,9,2,0.1,300,integer,d9_k2_s0.1,0.979806039062234,0.7776083553129864,0.7936349892854614,2.0,4.0,0.4901205683543891,0.0,0.8653449084056775,0.0,0.0,0.9952744079650498
196,9,2,0.3,30,integer,d9_k2_s0.3,0.7708833235324694,0.3703775692524607,0.48045866079351046,1.0,4.0,0.7756503524886588,0.20485177517943973,0.6379895529504888,0.08290817799677022,0.0,0.9312845705285657
197,9,2,0.3,100,integer,d9_k2_s0.3,0.8683276789482147,0.6574413177501393,0.7571350466985951,2.0,4.0,0.1668811594607993,0.0,0.8644249211955976,0.08290817799677022,0.0,0.9867569797311233
198,9,2,0.3,300,integer,d9_k2_s0.3,0.8808376264906173,0.7428806471794982,0.8433797840122256,2.0,4.0,0.20485177517943973,0.0,0.9021349729187383,0.0,0.0,0.9810518815742598
199,9,2,0.0,30,continuous,d9_k2_s0.0,0.9083763734142983,0.2569088678268492,0.28282204969864017,1.0,4.0,0.036235764366380034,0.0,0.8071098569366059,0.0,0.0,0.9906300039375245
200,9,2,0.0,100,continuous,d9_k2_s0.0,0.9878844609920971,0.7425348731793723,0.7516414140512656,2.0,4.0,0.0,0.0,0.9244334652091575,0.0,0.0,0.9957157857236607
201,9,2,0.0,300,continuous,d9_k2_s0.0,0.9932391054503522,0.8924064890360979,0.8984810244975856,2.0,4.0,0.036235764366380034,0.0,0.9279185494909343,0.0,0.0,0.9974437965237283
202,9,2,0.1,30,continuous,d9_k2_s0.1,0.92799753914607,-2.548966901355552,0.0,1.0,4.0,0.29315303574599755,0.0,0.8167744173401084,0.0,0.0,0.9861191007443796
203,9,2,0.1,100,continuous,d9_k2_s0.1,0.9723972352840962,0.7861056138376151,0.8084202477272018,2.0,4.0,0.036235764366380034,0.0,0.9207543172144825,0.0,0.0,0.9938283989274932
204,9,2,0.1,300,continuous,d9_k2_s0.1,0.9776374973431373,0.8853174327823962,0.9055682041537548,2.0,4.0,0.0,0.0,0.928811430071438,0.0,0.0,0.9955875349220932
205,9,2,0.3,30,continuous,d9_k2_s0.3,0.8192537506428739,0.7515971363220921,0.9174167780523542,1.0,4.0,0.0,0.0,0.7812521328258301,0.0,0.0,0.9626724542028386
206,9,2,0.3,100,continuous,d9_k2_s0.3,0.9007123762488034,0.7249557550700564,0.8048693169836074,2.0,4.0,0.0,0.0,0.8628110175688598,0.0,0.0,0.9769853561584759
207,9,2,0.3,300,continuous,d9_k2_s0.3,0.8790232044662171,0.816604471025696,0.9289908012400827,2.0,4.0,0.0,0.0,0.9240860255376595,0.0,0.0,0.9847000918755742
208,9,2,0.0,30,binary,d9_k2_s0.0,0.9433675559699491,0.4407821620539343,0.4672432916147217,1.0,4.0,0.09215394407494937,0.0,0.8421814902450453,0.0,0.0,0.9897896475005833
209,9,2,0.0,100,binary,d9_k2_s0.0,0.9994101959808891,0.754917523271232,0.7553630394277743,2.0,4.0,0.0,0.0,0.9109681310817516,0.0,0.0,0.9998541217496503
210,9,2,0.0,300,binary,d9_k2_s0.0,0.9999640441074757,0.8749810258081341,0.8750124876630979,2.0,4.0,0.0,0.0,0.9457672317414442,0.0,0.0,0.9999488113594531
211,9,2,0.1,30,binary,d9_k2_s0.1,0.9443837357893967,0.8667488793628431,0.9177931030740806,1.0,4.0,0.09215394407494937,0.0,0.8736196907146462,0.0,0.0,0.9851905450268315
212,9,2,0.1,100,binary,d9_k2_s0.1,0.9740815511273323,0.844336926146933,0.8668031184552852,2.0,4.0,0.0,0.0,0.9242938900985569,0.0,0.0,0.9960830377251844
213,9,2,0.1,300,binary,d9_k2_s0.1,0.9860883169857648,0.8693903820031528,0.881655696581692,2.5,4.0,0.22460495932764798,0.0,0.9327748936418419,0.0,0.0,0.9969911204584027
214,9,2,0.3,30,binary,d9_k2_s0.3,0.73092515865735,0.510405708202152,0.6983009165257436,1.0,4.0,0.09215394407494937,0.14805014195274496,0.8342026097150379,0.0,0.0,0.957505178162251
215,9,2,0.3,100,binary,d9_k2_s0.3,0.8779044101753787,0.7488064859097058,0.8529476298679454,2.0,4.0,0.22460495932764798,0.0,0.9220025591179442,0.0,0.0,0.9860136883674941
216,9,2,0.3,300,binary,d9_k2_s0.3,0.8539718327257562,0.7731873304533723,0.9054014439626993,2.0,4.0,0.0,0.0,0.9437459951363734,0.0,0.0,0.9876314744137894
217,9,3,0.0,30,integer,d9_k3_s0.0,0.9368401484625939,0.8383519316931048,0.8948719085842834,1.0,4.0,0.23859962570178736,0.0,0.8634250487569285,0.0,0.0,0.9807963174769841
218,9,3,0.0,100,integer,d9_k3_s0.0,0.9791868920918299,0.8443064465288773,0.8622526029992003,2.0,4.0,0.23859962570178736,0.0,0.951099319370746,0.0,0.0,0.9969247932799579
219,9,3,0.0,300,integer,d9_k3_s0.0,0.9923448232666922,0.8506385811080869,0.8572006032216467,2.0,4.0,0.18055784462879598,0.0,0.9343588835410958,0.0,0.0,0.9979517371983574
220,9,3,0.1,30,integer,d9_k3_s0.1,0.9437541015888472,0.7053901955086201,0.7474300713724772,1.0,4.0,0.18055784462879598,0.0,0.9002083661425667,0.0,0.0,0.9838400240001499
221,9,3,0.1,100,integer,d9_k3_s0.1,0.9600406545414472,0.834479053868082,0.8692122046296692,2.0,4.0,0.214987093123985,0.08955454692058532,0.9251950445875474,0.0,0.0,0.9919743873399208
222,9,3,0.1,300,integer,d9_k3_s0.1,0.9743208179538889,0.8735583773546168,0.8965818663190661,2.0,4.0,0.23859962570178736,0.0,0.9574984979983556,0.0,0.0,0.9936962106013162
223,9,3,0.3,30,integer,d9_k3_s0.3,0.7489011037888014,0.43519630499080186,0.5811131840894338,1.0,4.0,0.27560851923813096,0.18055784462879598,0.8969729470069788,0.214987093123985,0.0,0.9390036187726172
224,9,3,0.3,100,integer,d9_k3_s0.3,0.8136976059112717,0.5984071367293448,0.7354171038259107,1.0,4.0,0.23859962570178736,0.0,0.9085913097008342,0.18055784462879598,0.0,0.9721041381508633
225,9,3,0.3,300,integer,d9_k3_s0.3,0.8843407384727808,0.7946979911193257,0.8986332490932575,2.0,4.0,0.08955454692058532,0.0,0.9480859338616805,0.0,0.0,0.9891997449984061
226,9,3,0.0,30,continuous,d9_k3_s0.0,0.8712126620901589,-1.662284055705777,0.0,1.0,4.0,0.09529704545673977,0.09529704545673977,0.47960081000506244,0.02767575925075667,0.0,0.9693510584441153
227,9,3,0.0,100,continuous,d9_k3_s0.0,0.9796347423260567,0.8388526450384418,0.8562912367181464,2.0,4.0,0.021213916035576413,0.0,0.9271887949299682,0.0,0.0,0.990487503046894
228,9,3,0.0,300,continuous,d9_k3_s0.0,0.9893919248204033,0.90731622924906,0.917044304170724,2.0,4.0,0.021213916035576413,0.0,0.9410865692910579,0.0,0.0,0.994722779517372
229,9,3,0.1,30,continuous,d9_k3_s0.1,0.8039154474703113,-0.6631224948102619,0.0,1.0,4.0,0.3239602930796854,0.03372594942963998,0.5562070387939925,0.02767575925075667,0.0,0.9779956124725779
230,9,3,0.1,100,continuous,d9_k3_s0.1,0.9564500048772172,0.7812384446689604,0.8168105396886381,2.0,4.0,0.021213916035576413,0.0,0.9147839048994055,0.0,0.0,0.9931569572309826
231,9,3,0.1,300,continuous,d9_k3_s0.1,0.9705833026893746,0.861230777419532,0.8873331892617158,2.0,4.0,0.02767575925075667,0.021213916035576413,0.9295957474734216,0.02767575925075667,0.0,0.9913910711941948
232,9,3,0.3,30,continuous,d9_k3_s0.3,0.775292745690549,0.3335654361721657,0.4302444954196764,1.0,4.0,0.18555589780629486,0.0591212538065373,0.7821960137250857,0.021213916035576413,0.0,0.9680490503065642
233,9,3,0.3,100,continuous,d9_k3_s0.3,0.8997191881228028,0.8344639863405716,0.9274715904210276,2.0,4.0,0.021213916035576413,0.021213916035576413,0.9205979412371326,0.10477044530885284,0.0,0.9813995087469296
234,9,3,0.3,300,continuous,d9_k3_s0.3,0.904826808167286,0.7997489876067583,0.8838696868703952,2.0,4.0,0.021213916035576413,0.0,0.9426835167719798,0.0,0.0,0.9821333883336769
235,9,3,0.0,30,binary,d9_k3_s0.0,0.9143870222216652,0.5551893210118786,0.6071710419324935,1.0,4.0,0.9004927659786751,0.29979100997415653,0.7276599157238932,0.0,0.0,0.9661725587823254
236,9,3,0.0,100,binary,d9_k3_s0.0,0.9830557342742879,0.6747231895780752,0.686352936109131,2.0,4.0,0.6622807015502186,0.1372248389481604,0.8571789141242175,0.0,0.0,0.9924938327532112
237,9,3,0.0,300,binary,d9_k3_s0.0,0.9966911175235007,0.7579983698748618,0.7605148240492764,2.0,4.0,0.6622807015502186,0.30083147793158693,0.8783197072338673,0.0,0.0,0.9988097234791514
238,9,3,0.1,30,binary,d9_k3_s0.1,0.9345123570667081,0.6745130737643459,0.7217807968655863,2.0,4.0,0.40421886098160975,0.0,0.7932794515754656,0.0,0.0,0.9518284891785246
239,9,3,0.1,100,binary,d9_k3_s0.1,0.964188498929339,0.6838809100573116,0.7092813395064466,2.5,4.0,0.9004927659786751,0.0,0.8592638263148115,0.0,0.0,0.9826234253281957
240,9,3,0.1,300,binary,d9_k3_s0.1,0.9749669148779564,0.7629898714227231,0.7825802699348336,2.0,4.0,0.6622807015502186,0.0,0.8559693292348212,0.0,0.0,0.9930119067965483
241,9,3,0.3,30,binary,d9_k3_s0.3,0.7000860296506206,0.5515195854989545,0.7877883033520774,1.0,4.0,1.0954015580610967,0.29979100997415653,0.7068808298846474,0.1372248389481604,0.0,0.8984454872385126
242,9,3,0.3,100,binary,d9_k3_s0.3,0.8698596650921616,0.6159891203655694,0.708147699089261,2.0,4.0,0.766273320147816,0.0,0.8025997694454751,0.0,0.0,0.9703332764883169
243,9,3,0.3,300,binary,d9_k3_s0.3,0.85940332993842,0.6785240218289665,0.7895291979815645,2.0,4.0,0.6622807015502186,0.0,0.8908770671205809,0.0,0.0,0.9830366845361274
244,20,1,0.0,30,integer,d20_k1_s0.0,0.6912807362842193,-1.7435890966402154,0.0,2.0,4.0,0.358811656785839,0.22093322836545237,0.5278840897050258,0.0,0.0,0.944332214576341
245,20,1,0.0,100,integer,d20_k1_s0.0,0.9767433433830345,0.5477810487470129,0.560823938507455,1.5,4.0,0.3899850499648295,0.030048313383799385,0.7086659350682484,0.030048313383799385,0.0,0.989917124482028
246,20,1,0.0,300,integer,d20_k1_s0.0,0.9848607780209143,0.5644420263629615,0.5731185960082726,2.0,4.0,0.3973344024817332,0.0,0.7113853253506609,0.0,0.0,0.9916901355633471
247,20,1,0.1,30,integer,d20_k1_s0.1,0.6019556140613123,-0.9780075378009909,0.0,1.0,4.0,0.5587807795485151,0.24861596358011467,0.5203153350171363,0.0,0.0,0.9177482984268652
248,20,1,0.1,100,integer,d20_k1_s0.1,0.9606503933224867,0.4565350158598679,0.47523533955043185,1.5,4.0,0.0,0.0,0.6198488740554627,0.0,0.0,0.9858903493146831
249,20,1,0.1,300,integer,d20_k1_s0.1,0.9666024463924354,0.5579214780000807,0.577198495702511,2.0,4.0,0.3578279541677278,0.3578279541677278,0.7198247538882856,0.0,0.0,0.989081994262464
250,20,1,0.3,30,integer,d20_k1_s0.3,0.7756727211078449,0.41755956010635675,0.53831925339592,2.0,4.0,0.5228379924094133,0.25374512761551726,0.3416324996354906,0.0,0.0,0.9317158232238951
251,20,1,0.3,100,integer,d20_k1_s0.3,0.8408841027757414,0.39198794987358165,0.46616168456465923,2.0,4.0,0.25374512761551726,0.030048313383799385,0.7479715536333776,0.030048313383799385,0.0,0.9511538822117638
252,20,1,0.3,300,integer,d20_k1_s0.3,0.897923944823483,0.5735760215293149,0.6387801827047506,2.0,4.0,0.3973344024817332,0.12680253591723636,0.7287884357516423,0.0,0.0,0.978938743367146
253,20,1,0.0,30,continuous,d20_k1_s0.0,0.27480871385229044,-0.5847866287668648,0.0,2.0,4.0,0.1496936755901587,0.10847186186944967,0.5153863461646635,0.0,0.0,0.9598678116738228
254,20,1,0.0,100,continuous,d20_k1_s0.0,0.9646192906285691,0.4423821161934419,0.45860799228385235,1.0,4.0,0.045787164013121835,0.0,0.6723720773254833,0.0,0.0,0.9861191007443796
255,20,1,0.0,300,continuous,d20_k1_s0.0,0.9759714762519662,0.49326689049523975,0.505411174914187,2.0,4.0,0.0,0.0,0.7146194663716647,0.0,0.0,0.9912916955730973
256,20,1,0.1,30,continuous,d20_k1_s0.1,0.5948112372100582,0.108073414896382,0.18169363343452732,1.0,4.0,0.0,0.0,0.615366471040444,0.0,0.0,0.9378079237995237
257,20,1,0.1,100,continuous,d20_k1_s0.1,0.9511831758335824,0.30576004616419294,0.3214523279348754,1.0,4.0,0.3724499763221924,0.0,0.6312808205051281,0.0,0.0,0.9831121444509027
258,20,1,0.1,300,continuous,d20_k1_s0.1,0.9635536411190802,0.5258351119026556,0.5457247935796764,2.0,4.0,0.0,0.0,0.7552425327658298,0.0,0.0,0.9889841186507414
259,20,1,0.3,30,continuous,d20_k1_s0.3,0.5989897044877006,-0.7708472442922709,0.0,2.0,4.0,0.5925750026791416,0.372442559094405,0.1494652466577916,0.24723234775391068,0.0,0.8450795942474639
260,20,1,0.3,100,continuous,d20_k1_s0.3,0.7599351978353934,0.16428238297648734,0.21617946299162194,1.0,4.0,0.2075718496507656,0.2075718496507656,0.5294050587816174,0.011365250869632774,0.0,0.9665156657229106
261,20,1,0.3,300,continuous,d20_k1_s0.3,0.8770673937277933,0.43620735253362364,0.49734758771457077,2.0,4.0,0.2741291857241614,0.0,0.7031153319708248,0.0,0.0,0.9569206682541764
262,20,1,0.0,30,binary,d20_k1_s0.0,0.7978360389422159,0.28615851569933093,0.3586683249840714,1.0,4.0,0.26574301971160075,0.14769647260817495,0.6206487107654384,0.02705108921237821,0.0,0.9717955112219451
263,20,1,0.0,100,binary,d20_k1_s0.0,0.9939226117421123,0.5462770658942028,0.5496173036416867,2.0,4.0,0.48002847005888927,0.25205268632845973,0.7463707830797015,0.0,0.0,0.9992432452702829
264,20,1,0.0,300,binary,d20_k1_s0.0,0.9991901735456371,0.6957261255083858,0.6962899995699459,2.0,4.0,0.11650199531522024,0.0,0.7657782121121999,0.0,0.0,0.9996210601316258
265,20,1,0.1,30,binary,d20_k1_s0.1,0.5876085139725784,0.15867282772105096,0.27003153281141135,1.0,4.0,0.4982256765241134,0.11650199531522024,0.5603057601939171,0.028253252559888222,0.0,0.9461161007256295
266,20,1,0.1,100,binary,d20_k1_s0.1,0.9782888127777256,0.499126082551956,0.5102031997429793,2.0,4.0,0.18228352981529097,0.0,0.6861323136507748,0.0,0.0,0.9936182101138131
267,20,1,0.1,300,binary,d20_k1_s0.1,0.9834327939401895,0.6623128105715782,0.6734703323426683,2.0,4.0,0.3949513836338967,0.0,0.77083304763273,0.028253252559888222,0.0,0.9967393546209662
268,20,1,0.3,30,binary,d20_k1_s0.3,0.576968414279567,0.4749925782591603,0.8232557736323589,1.0,4.0,0.3104448377957383,0.3201457407685717,0.60284787646567,0.028253252559888222,0.0,0.9471197944987155
269,20,1,0.3,100,binary,d20_k1_s0.3,0.8507403224431457,0.27483554699467605,0.3230545675858018,1.5,4.0,0.1874709924827995,0.0,0.7142896544268705,0.028253252559888222,0.0,0.9781161757260982
270,20,1,0.3,300,binary,d20_k1_s0.3,0.889102796556054,0.5096979439714023,0.5732722312264914,2.0,4.0,0.11650199531522024,0.0,0.7804320686537806,0.0,0.0,0.9875306095663098
271,20,2,0.0,30,integer,d20_k2_s0.0,0.6552883127731775,-0.1603121651930015,0.0,2.0,4.0,0.22042200258553932,0.15319045501927417,0.48499913140221196,0.0,0.0,0.9342637766486039
272,20,2,0.0,100,integer,d20_k2_s0.0,0.951415774126748,0.47537541157735197,0.49965054659060365,1.0,4.0,0.0,0.0,0.7395092598539259,0.0,0.0,0.9821191382446139
273,20,2,0.0,300,integer,d20_k2_s0.0,0.9694057179977715,0.6259007833489985,0.6456541071799592,2.0,4.0,0.12353384652585332,0.0,0.8008077176996967,0.0,0.0,0.984953780961131
274,20,2,0.1,30,integer,d20_k2_s0.1,0.7041421961493687,-0.09483461930944714,0.0,1.0,4.0,0.1558672084838994,0.0,0.6926484557223006,0.0,0.0,0.9638503365646034
275,20,2,0.1,100,integer,d20_k2_s0.1,0.9148744464488339,0.6635693404813867,0.7253119190912916,1.5,4.0,0.0,0.0,0.7407536470744506,0.0,0.0,0.9771464196651228
276,20,2,0.1,300,integer,d20_k2_s0.1,0.956059757221238,0.6089398431739956,0.636926550432227,2.0,4.0,0.0,0.0,0.7055763509999797,0.0,0.0,0.9868752929705809
277,20,2,0.3,30,integer,d20_k2_s0.3,0.26822063532662355,-0.5338552746969403,0.0,1.0,4.0,0.19671075807436683,0.12353384652585332,0.5539114954514273,0.0,0.0,0.9333718335739598
278,20,2,0.3,100,integer,d20_k2_s0.3,0.7795511993221041,0.47146950842462043,0.6047960786085753,1.0,4.0,0.0,0.0,0.7071652044023307,0.0,0.0,0.9740309001931261
279,20,2,0.3,300,integer,d20_k2_s0.3,0.8112864763859525,0.5052603936473947,0.6227891236375395,2.0,4.0,0.1558672084838994,0.0,0.7750226454582937,0.0,0.0,0.9746230288939305
280,20,2,0.0,30,continuous,d20_k2_s0.0,0.4181151621650193,-5611.906389253347,0.0,2.0,4.0,0.5076317052527153,0.29772818228087555,0.5084124275776722,0.0,0.0,0.9273558584741154
281,20,2,0.0,100,continuous,d20_k2_s0.0,0.947507408871701,-1.7460705799058878,0.0,1.5,4.0,0.41766468001572205,0.019475611927314392,0.6838233363958524,0.07479986776356626,0.0,0.98662816642604
282,20,2,0.0,300,continuous,d20_k2_s0.0,0.9813243544662139,0.6567339088570208,0.6692322531975146,2.0,4.0,0.0,0.0,0.7851705323158269,0.011824855696951462,0.0,0.9904361277257981
283,20,2,0.1,30,continuous,d20_k2_s0.1,0.5464805091522906,-13.039729172287698,0.0,2.0,4.0,0.40455150795013467,0.39038968503619853,0.26483284270526686,0.0,0.0,0.9294761217257608
284,20,2,0.1,100,continuous,d20_k2_s0.1,0.9432091215288548,0.4872841644570822,0.5166236769076614,2.0,4.0,0.7276633260984003,0.5521947234372473,0.6034967093544334,0.011824855696951462,0.0,0.9876356102225639
285,20,2,0.1,300,continuous,d20_k2_s0.1,0.9678942925518037,0.6297963865345857,0.6506871580719417,2.0,4.0,0.18916237203692274,0.12805407532518695,0.6920036375227345,0.07479986776356626,0.0,0.9849622185138656
286,20,2,0.3,30,continuous,d20_k2_s0.3,0.6377584610571401,-0.05026217786078879,0.0,2.0,4.0,0.5488988829566315,0.3265504806732716,0.298666304164401,0.07479986776356626,0.011824855696951462,0.9599452496578104
287,20,2,0.3,100,continuous,d20_k2_s0.3,0.8910579015623121,0.5674321110933302,0.6368072266666831,1.5,4.0,0.12805407532518695,0.0,0.6983771773573585,0.019475611927314392,0.0,0.9651266570416064
288,20,2,0.3,300,continuous,d20_k2_s0.3,0.8776439092691988,0.5275269120235555,0.6010716948549434,2.0,4.0,0.18916237203692274,0.0,0.7535349595934975,0.019475611927314392,0.0,0.9621948887180544
289,20,2,0.0,30,binary,d20_k2_s0.0,0.4561074235539566,0.3801501892625784,0.8334663494412679,1.0,4.0,0.23021319185903738,0.0,0.5247286936557599,0.0,0.0,0.934054900343127
290,20,2,0.0,100,binary,d20_k2_s0.0,0.9042709825279263,0.2906398784474361,0.3214079452543534,2.0,4.0,0.23021319185903738,0.018452322445769973,0.7669195088998764,0.0,0.0,0.965127407046294
291,20,2,0.0,300,binary,d20_k2_s0.0,0.957051689868473,0.4845948405245566,0.5063413456708427,2.0,4.0,0.22336470042201934,0.018452322445769973,0.7420037763926323,0.0,0.0,0.9837500234376464
292,20,2,0.1,30,binary,d20_k2_s0.1,0.22270779734697577,-0.02169911433296079,0.0,1.0,4.0,0.23021319185903738,0.0751054530096376,0.6571723951925669,0.0751054530096376,0.0,0.8636515853224082
293,20,2,0.1,100,binary,d20_k2_s0.1,0.9133985022379498,0.4668755608006713,0.5111411499545522,2.0,4.0,0.23021319185903738,0.0751054530096376,0.7690357746742708,0.0,0.0,0.9627684548028426
294,20,2,0.1,300,binary,d20_k2_s0.1,0.9322559623331547,0.5364577106098769,0.5754403643257862,2.0,4.0,0.23021319185903738,0.0751054530096376,0.7635016339192782,0.0,0.0,0.9740537753360957
295,20,2,0.3,30,binary,d20_k2_s0.3,0.3041491744955592,0.4336287392818181,1.0,1.0,4.0,0.23021319185903738,0.23021319185903738,0.5149229681743867,0.2106483757342382,0.0,0.8653623460146626
296,20,2,0.3,100,binary,d20_k2_s0.3,0.8231667037871833,0.3573015892131909,0.43405738785271075,2.0,4.0,0.23021319185903738,0.0751054530096376,0.7605839920471062,0.0,0.0,0.9503660022875142
297,20,2,0.3,300,binary,d20_k2_s0.3,0.8140185482691563,0.4482446948159061,0.550656610674298,2.0,4.0,0.22336470042201934,0.018452322445769973,0.7214950258438879,0.0751054530096376,0.0,0.9391091819323871
298,20,3,0.0,30,integer,d20_k3_s0.0,0.6865292553327205,-0.05669410167992761,0.0,1.0,4.0,0.2748615452061794,0.0729420233348992,0.6024622655984718,0.0729420233348992,0.036688499759584145,0.8974751092194326
299,20,3,0.0,100,integer,d20_k3_s0.0,0.9530330617046707,0.743173902571165,0.7797986580254257,2.0,4.0,0.0729420233348992,0.036688499759584145,0.8787795733363198,0.0,0.0,0.9831108319426995
300,20,3,0.0,300,integer,d20_k3_s0.0,0.9756580969314916,0.7810192671485072,0.8005050843167948,2.0,4.0,0.0729420233348992,0.0,0.8903660754816264,0.0,0.0,0.9879584872405451
301,20,3,0.1,30,integer,d20_k3_s0.1,0.34384274304442053,-0.008174752899082316,0.0,1.0,4.0,0.21626732441749574,0.0,0.6287428080171039,0.0,0.0,0.8437237732735828
302,20,3,0.1,100,integer,d20_k3_s0.1,0.9449690949964182,0.589523035956051,0.6238543028312323,1.5,4.0,0.0,0.0,0.8617025914258181,0.036688499759584145,0.0,0.9824230776442352
303,20,3,0.1,300,integer,d20_k3_s0.1,0.9525210365768975,0.6895930603335656,0.7239662263122043,2.0,4.0,0.0729420233348992,0.0,0.8874560567483809,0.036688499759584145,0.0,0.9818648866555415
304,20,3,0.3,30,integer,d20_k3_s0.3,0.2845689966922833,-0.4254854580898553,0.0,1.0,4.0,0.15780129640377238,0.0,0.681108504006524,0.12495619482411832,0.036688499759584145,0.8723445146532164
305,20,3,0.3,100,integer,d20_k3_s0.3,0.8733581325572217,0.6860095282892401,0.7854847887894297,1.5,4.0,0.0729420233348992,0.036688499759584145,0.8706750737208023,0.0,0.0,0.9537633360208501
306,20,3,0.3,300,integer,d20_k3_s0.3,0.8921207687290998,0.67958210565063,0.7617602117017758,2.0,4.0,0.036688499759584145,0.036688499759584145,0.8795027768224418,0.036688499759584145,0.0,0.9786447415296343
307,20,3,0.0,30,continuous,d20_k3_s0.0,0.5462219343146401,-1.8083596233794195,0.0,1.0,4.0,0.43450656132605164,0.43450656132605164,0.2914698216863855,0.0,0.0,0.9301796261226631
308,20,3,0.0,100,continuous,d20_k3_s0.0,0.9554684437522678,0.29645641875179474,0.3102733750029106,1.5,4.0,0.5486109432143882,0.45988550487624846,0.705890536815855,0.0,0.0,0.985766411040069
309,20,3,0.0,300,continuous,d20_k3_s0.0,0.9773040835447059,0.5679818810961109,0.5811721148611461,2.0,4.0,0.40457654233943036,0.2946570549967955,0.6841150882193012,0.0,0.0,0.9905619410121312
310,20,3,0.1,30,continuous,d20_k3_s0.1,0.3232313219373384,-0.1283731955295626,0.0,1.0,4.0,1.4511064768064457,0.4715878048192828,0.3681124257026607,0.0,0.0,0.9475840474002961
311,20,3,0.1,100,continuous,d20_k3_s0.1,0.9450074681724125,-0.27468411569006657,0.0,2.0,4.0,1.4918249791265386,0.0,0.5773331708323176,0.0,0.0,0.9781272382952393
312,20,3,0.1,300,continuous,d20_k3_s0.1,0.9694612906292447,0.615224798741182,0.6346048106179261,2.0,4.0,0.7614595606236818,0.0,0.7017838861492884,0.0,0.0,0.9843682148013424
313,20,3,0.3,30,continuous,d20_k3_s0.3,0.09930543569400574,-1.3441523342906057,0.0,1.0,4.0,1.317810126062242,0.6576652688817806,0.2927065794161213,0.5239505822221187,0.0,0.8698451240320251
314,20,3,0.3,100,continuous,d20_k3_s0.3,0.8137537334728331,0.42093156121660225,0.517271434713061,1.0,4.0,0.8995912105896765,0.0,0.5987099919374496,0.0,0.0,0.9707753173457334
315,20,3,0.3,300,continuous,d20_k3_s0.3,0.8674975696412436,0.5171274523242567,0.5961140070261136,2.0,4.0,0.7614595606236818,0.0,0.7155359720998256,0.06061563442562061,0.0,0.9802242514015711
316,20,3,0.0,30,binary,d20_k3_s0.0,0.5526018244947,-0.11352298059849164,0.0,1.0,4.0,0.5562454747481158,0.15664338387507207,0.4072846900033837,0.15872009689168184,0.15664338387507207,0.9392679954249714
317,20,3,0.0,100,binary,d20_k3_s0.0,0.9276258145900932,0.14791114838270647,0.15945130682684444,2.0,4.0,0.35482812697765,0.15872009689168184,0.42686291827417316,0.019604484203343094,0.0,0.9771730448315301
318,20,3,0.0,300,binary,d20_k3_s0.0,0.9722513210909576,0.44253839931972105,0.4551687302652891,2.0,4.0,0.4017561153721545,0.35482812697765,0.6281910454890482,0.0,0.0,0.98643391521197
319,20,3,0.1,30,binary,d20_k3_s0.1,0.16692200138736402,-0.1174218518593857,0.0,1.0,4.0,0.6189653636161637,0.019604484203343094,0.5460981008974635,0.0,0.0,0.880989443684023
320,20,3,0.1,100,binary,d20_k3_s0.1,0.9160222679981812,0.3528510096079772,0.38519916156522716,2.0,4.0,0.47138867563883535,0.47138867563883535,0.5998898424294893,0.019604484203343094,0.0,0.9739763373521083
321,20,3,0.1,300,binary,d20_k3_s0.1,0.956801452175109,0.44129303892051397,0.46121694100413085,2.0,4.0,0.35482812697765,0.18691550484317412,0.6792168568082905,0.019604484203343094,0.0,0.9814041962762265
322,20,3,0.3,30,binary,d20_k3_s0.3,0.5847444842273204,0.019116946584320726,0.03269282071053958,1.0,4.0,0.47138867563883535,0.3775552880967017,0.22553538746548,0.019604484203343094,0.019604484203343094,0.880637128982056
323,20,3,0.3,100,binary,d20_k3_s0.3,0.659942955140852,-0.11195587373211824,0.0,2.0,4.0,0.6189653636161637,0.019604484203343094,0.5933446118643426,0.019604484203343094,0.0,0.9622873267957924
324,20,3,0.3,300,binary,d20_k3_s0.3,0.856722706200785,0.38961690680997696,0.4547759782599538,2.0,4.0,0.1967355696297853,0.23626471678307787,0.6959514493368898,0.019604484203343094,0.0,0.961938949618435
325,67,1,0.0,30,integer,d67_k1_s0.0,0.1824539839592092,-0.499560486105431,0.0,2.0,4.0,0.2231194546019489,0.04388556966669174,0.20702286609711018,0.04388556966669174,0.0,0.565826786417415
326,67,1,0.0,100,integer,d67_k1_s0.0,0.7057499966240096,0.20253160303309747,0.28697357988227773,1.0,4.0,0.36384075509368485,0.04388556966669174,0.23153141654233084,0.0631251729592273,0.010535541146886837,0.9299101869386683
327,67,1,0.0,300,integer,d67_k1_s0.0,0.9227642330673937,0.22348592385525134,0.24219179270999025,2.0,4.0,0.04388556966669174,0.009781676561330567,0.520671400635106,0.009781676561330567,0.0,0.9752138450865316
328,67,1,0.1,30,integer,d67_k1_s0.1,-0.12309003712847244,-0.6072527134000838,0.0,2.0,4.0,0.35999282064450094,0.0,0.24153091807295493,0.0631251729592273,0.0631251729592273,0.5529437683985525
329,67,1,0.1,100,integer,d67_k1_s0.1,0.7127287994016127,0.1362842350304314,0.19121471609517093,1.0,4.0,0.11082555831046066,0.055415532452971844,0.3814070690296321,0.0631251729592273,0.0,0.9386985543659647
330,67,1,0.1,300,integer,d67_k1_s0.1,0.924165945808189,0.1949471663704564,0.21094389731053534,2.0,4.0,0.055415532452971844,0.010535541146886837,0.49854602189002467,0.0,0.0,0.9687641797761235
331,67,1,0.3,30,integer,d67_k1_s0.3,-0.2504637386452979,-0.24064160466569273,0.0,2.0,4.0,0.34118774999573054,0.24822112921093192,0.12842451193181317,0.0323300289677247,0.010535541146886837,0.5452391577447359
332,67,1,0.3,100,integer,d67_k1_s0.3,0.5878496401236741,-0.2077772471649506,0.0,1.0,4.0,0.19505885190635586,0.0,0.3906217765792783,0.055415532452971844,0.0,0.8965681660510378
333,67,1,0.3,300,integer,d67_k1_s0.3,0.8091219877270401,0.12923994263996597,0.1597286251026532,2.0,4.0,0.22596117515998415,0.0323300289677247,0.48136343733539494,0.0323300289677247,0.0,0.957448859055369
334,67,1,0.0,30,continuous,d67_k1_s0.0,0.014293506959274338,-0.5324760713599552,0.0,2.0,4.0,0.30840725294973087,0.09060445145036887,0.11471077944237151,0.06494783194782466,0.04848446708537541,0.6417248232801455
335,67,1,0.0,100,continuous,d67_k1_s0.0,0.7782144542861131,-0.10219127976903986,0.0,1.0,4.0,0.22195863851967626,0.027396672399531145,0.16986649916561977,0.0271534251365874,0.0271534251365874,0.942718204488778
336,67,1,0.0,300,continuous,d67_k1_s0.0,0.9465998126690931,0.1668153332815373,0.1762258253687735,2.0,4.0,0.19979421836742464,0.06494783194782466,0.410742504640654,0.0,0.0,0.9881486134288339
337,67,1,0.1,30,continuous,d67_k1_s0.1,-0.018387644051138574,-0.3582961774156206,0.0,2.0,4.0,0.5403887092255889,0.21262191243774053,0.18870005437533982,0.21262191243774053,0.041848822114013855,0.6230022687641796
338,67,1,0.1,100,continuous,d67_k1_s0.1,0.7366883423013608,0.09501059600807782,0.128969864938098,1.0,4.0,0.369881810379133,0.06494783194782466,0.18751823448896554,0.04848446708537541,0.0,0.9488264301651885
339,67,1,0.1,300,continuous,d67_k1_s0.1,0.9196169807520156,0.21441439140071217,0.23315618990133813,2.0,4.0,0.09185562098807755,0.07275429684116538,0.5054637841486508,0.0,0.0,0.9856449102806892
340,67,1,0.3,30,continuous,d67_k1_s0.3,0.017886764339424044,-1.3742377675342397,0.0,1.0,4.0,0.3781793991661734,0.15288331238522015,0.10745035906474415,0.07396727980497024,0.027396672399531145,0.6646457165357283
341,67,1,0.3,100,continuous,d67_k1_s0.3,0.4385316068062438,-0.14638398822367948,0.0,1.0,4.0,0.15492639321493995,0.0271534251365874,0.34067706673166703,0.0271534251365874,0.0,0.8739920874505466
342,67,1,0.3,300,continuous,d67_k1_s0.3,0.8298098752744969,0.13773295614110725,0.1659813413229698,1.0,4.0,0.09185562098807755,0.07396727980497024,0.33414902593141205,0.0,0.0,0.9635632722704516
343,67,1,0.0,30,binary,d67_k1_s0.0,-0.13901014344624762,-0.26227280036662215,0.0,3.0,4.0,0.5337684782400911,0.22737273488775522,0.266776178773161,0.4302680274941517,0.4115766263861887,0.4673451709073181
344,67,1,0.0,100,binary,d67_k1_s0.0,0.7221255935234165,-0.05573674705173093,0.0,1.0,4.0,0.7160434731143487,0.07959064308646734,0.3247080715112989,0.016092834717452698,0.0,0.9508206926293289
345,67,1,0.0,300,binary,d67_k1_s0.0,0.957624006053652,0.23834279477133047,0.24888974510312872,2.0,4.0,0.25249521605832803,0.2919288927592317,0.4393136039057838,0.0,0.0,0.9891659947874674
346,67,1,0.1,30,binary,d67_k1_s0.1,-0.007824859207807844,-0.17600077691363447,0.0,1.0,4.0,0.5097991792090507,0.20957018984022938,0.1820434320898637,0.31712378916611206,0.0,0.6675229220182626
347,67,1,0.1,100,binary,d67_k1_s0.1,0.7799829286635687,0.017700489712724976,0.022693432205052474,1.5,4.0,0.5738782250007087,0.3718055397793072,0.4046447351838912,0.0,0.0,0.9732023325145781
348,67,1,0.1,300,binary,d67_k1_s0.1,0.9474453535044361,0.22992370938081386,0.24267754180266535,2.0,4.0,0.26442848953232784,0.0,0.5812989150919714,0.0,0.0,0.985132094575591
349,67,1,0.3,30,binary,d67_k1_s0.3,0.31198665406754056,-0.4523803642128932,0.0,3.0,4.0,0.18692708387725887,0.4196786985158017,0.31346328553474717,0.18692708387725887,0.052078142532467515,0.6216080100500627
350,67,1,0.3,100,binary,d67_k1_s0.3,0.6198715290670398,0.2701813472946887,0.4358666830550113,1.0,4.0,0.25249521605832803,0.20957018984022938,0.42703432875391806,0.0,0.0,0.9410201938762116
351,67,1,0.3,300,binary,d67_k1_s0.3,0.8216607902908409,0.13061763434731521,0.15896783184832375,2.0,4.0,0.26442848953232784,0.0,0.4695084527149064,0.016092834717452698,0.0,0.9471820448877805
352,67,2,0.0,30,integer,d67_k2_s0.0,0.029366786436674897,-1.0574786439776545,0.0,1.0,4.0,0.3902570797772004,0.21188077733109986,0.1521440013442133,0.19660576128651597,0.0,0.578422552640954
353,67,2,0.0,100,integer,d67_k2_s0.0,0.7466715452390176,0.0075187811546205685,0.010069730395596803,1.0,4.0,0.1515980682006388,0.1515980682006388,0.24710413670503031,0.10369244085914546,0.0,0.9367916674479215
354,67,2,0.0,300,integer,d67_k2_s0.0,0.9235755085509229,0.07769872194140903,0.08412817492672282,2.5,4.0,0.2269258242268409,0.14307389001766163,0.5304729525537176,0.0,0.0,0.9600465002906268
355,67,2,0.1,30,integer,d67_k2_s0.1,0.24717938951109752,-0.4124818431718915,0.0,1.0,4.0,0.27184283690099675,0.14307389001766163,0.3850021255738043,0.1026511476783609,0.06572150046082563,0.552034575216095
356,67,2,0.1,100,integer,d67_k2_s0.1,0.719855730869863,0.19540621019407267,0.2714519060061475,1.0,4.0,0.27854203493585505,0.14307389001766163,0.38641561276850317,0.06572150046082563,0.0,0.930928880805505
357,67,2,0.1,300,integer,d67_k2_s0.1,0.9094847927985928,0.09640930853217611,0.10600431067738164,1.5,4.0,0.10369244085914546,0.06572150046082563,0.42522436508467437,0.0,0.0,0.9646327789548683
358,67,2,0.3,30,integer,d67_k2_s0.3,0.09827517631391336,-0.7028932363941509,0.0,1.0,4.0,0.1026511476783609,0.10189372521905336,0.331326761413976,0.24721385284929753,0.10369244085914546,0.6561569759810998
359,67,2,0.3,100,integer,d67_k2_s0.3,0.6063831419189796,0.0854845297199418,0.14097444966793554,1.0,4.0,0.38369975440099735,0.22005982542786623,0.25003866059493085,0.1026511476783609,0.06572150046082563,0.8851684698029363
360,67,2,0.3,300,integer,d67_k2_s0.3,0.792446040722344,0.05522616958186122,0.06969076346387006,1.5,4.0,0.12044343124602121,0.12044343124602121,0.37618693531963726,0.06572150046082563,0.0,0.9095312470702941
361,67,2,0.0,30,continuous,d67_k2_s0.0,0.2510596819236989,-4.070795472600832,0.0,2.0,4.0,0.21911961629438273,0.21911961629438273,0.19759792248701552,0.43102442282868975,0.15291773691756025,0.5031136444602778
362,67,2,0.0,100,continuous,d67_k2_s0.0,0.7790811617857135,-1.661769936745762,0.0,1.0,4.0,0.36488484074190464,0.36488484074190464,0.11258470365439782,0.0,0.0,0.9407021918886993
363,67,2,0.0,300,continuous,d67_k2_s0.0,0.938407647659965,0.2240062531999879,0.23870889560477804,2.0,4.0,0.22319024877367205,0.0,0.46750923443271514,0.0,0.0,0.9667687923049517
364,67,2,0.1,30,continuous,d67_k2_s0.1,0.3971193720428442,-1.3091773611844162,0.0,1.0,4.0,0.43582396791823935,0.29042873426621757,0.29050644066525416,0.31728584133637355,0.2742467701913308,0.6320327002043762
365,67,2,0.1,100,continuous,d67_k2_s0.1,0.7803127029631631,-0.059366608410599264,0.0,1.0,4.0,0.3713927188253209,0.3713927188253209,0.26002681266757915,0.0,0.0,0.9128346427165169
366,67,2,0.1,300,continuous,d67_k2_s0.1,0.9023582468012352,0.06987914048197763,0.07744057388480885,1.5,4.0,0.319860252222395,0.1691136583230896,0.5150797817486359,0.0,0.0,0.9657517859486622
367,67,2,0.3,30,continuous,d67_k2_s0.3,0.30337102778813385,-0.11208268927086795,0.0,1.0,4.0,0.39003371082661514,0.340152826141002,0.16786998668741676,0.14709673757153052,0.0,0.6943085894286838
368,67,2,0.3,100,continuous,d67_k2_s0.3,0.6994978857600276,0.011624187523309737,0.016617902298131572,1.0,4.0,0.49302028977689083,0.20550630010948925,0.35294826842667765,0.0,0.0,0.8953921587009919
369,67,2,0.3,300,continuous,d67_k2_s0.3,0.8180377666619288,0.1928102140165281,0.23569842600703658,1.5,4.0,0.29042873426621757,0.23654201089983576,0.5107798173738585,0.0,0.0,0.931830761442259
370,67,2,0.0,30,binary,d67_k2_s0.0,0.43657116311036503,-0.3887546986394528,0.0,1.0,4.0,0.44296122065021426,0.1482379911267764,0.2985089480249359,0.0,0.0,0.6050447190294939
371,67,2,0.0,100,binary,d67_k2_s0.0,0.8267749491142282,0.012263263497783727,0.014832650059030054,2.0,4.0,0.2931873753876463,0.18613738306304892,0.4580139663206157,0.0,0.0,0.9351855324095775
372,67,2,0.0,300,binary,d67_k2_s0.0,0.9195003970457764,0.20621897893589114,0.22427285469200808,2.0,4.0,0.36441725800492414,0.11565985135389285,0.4092740339580371,0.0,0.0,0.9469651060319126
373,67,2,0.1,30,binary,d67_k2_s0.1,0.08749153909101914,-0.30034767674791363,0.0,2.0,4.0,0.20545084094714613,0.17207178714730853,0.25083731824205724,0.30389287538159976,0.26346800056233544,0.4567251045319033
374,67,2,0.1,100,binary,d67_k2_s0.1,0.7564553069116483,0.32850772094657776,0.4342724784201249,1.0,4.0,0.691697900224429,0.11565985135389285,0.42110595971670334,0.0,0.0,0.9242362139763373
375,67,2,0.1,300,binary,d67_k2_s0.1,0.9015102350660396,0.16558489839827506,0.18367500662501657,2.0,4.0,0.4255853594830786,0.1482379911267764,0.4462781085149596,0.0,0.0,0.9665706035662722
376,67,2,0.3,30,binary,d67_k2_s0.3,0.10078502538641942,-0.15981672526667734,0.0,1.0,4.0,0.45185234427207543,0.15842542336811652,0.1996438087590301,0.15842542336811652,0.0,0.4837462734142088
377,67,2,0.3,100,binary,d67_k2_s0.3,0.4814021591541191,0.1488925030289684,0.3092892298002781,1.0,4.0,0.5766165608130378,0.05751722034789101,0.33588197229890576,0.15842542336811652,0.030250443394058392,0.8511028818930118
378,67,2,0.3,300,binary,d67_k2_s0.3,0.7534316200237565,0.12458558032706224,0.16535751489051378,2.0,4.0,0.22742752806428948,0.22742752806428948,0.4651014990972993,0.0,0.0,0.9289852436577728
379,67,3,0.0,30,integer,d67_k3_s0.0,-0.14006502588173486,-1.0230655408694846,0.0,1.0,4.0,0.16174711424089683,0.16174711424089683,0.212091253518273,0.029746589468935,0.029746589468935,0.6305490034312714
380,67,3,0.0,100,integer,d67_k3_s0.0,0.7539716564699963,0.06615923562634451,0.08774764284388888,1.5,4.0,0.361342489146703,0.2507741835585703,0.28632053068842134,0.05059703897412316,0.0,0.9291944949655934
381,67,3,0.0,300,integer,d67_k3_s0.0,0.9196376639827959,0.22711180685415344,0.24695792239583841,2.0,4.0,0.0,0.0,0.5549405464169349,0.0,0.0,0.9564215401346258
382,67,3,0.1,30,integer,d67_k3_s0.1,0.18170981774751016,-1.0254567556762244,0.0,1.0,4.0,0.16174711424089683,0.16174711424089683,0.3653456140869192,0.2046473543846981,0.15211534919453878,0.651389196182476
383,67,3,0.1,100,integer,d67_k3_s0.1,0.6901535164337802,-0.15021917559782194,0.0,1.0,4.0,0.1637444850693965,0.039856277165940056,0.44677180706058134,0.0,0.0,0.9038480865505409
384,67,3,0.1,300,integer,d67_k3_s0.1,0.8996027653822053,0.21235559409218885,0.23605484805503843,2.0,4.0,0.1893921963813318,0.1893921963813318,0.48772844616505995,0.0,0.0,0.9709436933980837
385,67,3,0.3,30,integer,d67_k3_s0.3,0.16004330512514275,-0.8144333259145466,0.0,1.0,4.0,0.5216494607820272,0.35330934803875885,0.1646507997364661,0.10748038309038654,0.09139526004453391,0.6993741210882567
386,67,3,0.3,100,integer,d67_k3_s0.3,0.6227742380183403,0.15298598290606236,0.24565239466690497,1.5,4.0,0.14492393455222374,0.14492393455222374,0.41221707182472866,0.0,0.0,0.8669936062100387
387,67,3,0.3,300,integer,d67_k3_s0.3,0.827256351706105,0.3048137449599406,0.3684634688283786,2.0,4.0,0.48361339153338534,0.1104231473032564,0.4708729007830008,0.0,0.0,0.9436221476384227
388,67,3,0.0,30,continuous,d67_k3_s0.0,0.18655937964066738,0.23908933388274778,1.0,1.0,4.0,0.3997774453550214,0.2289577126889284,0.32272626703916896,0.18265537327638673,0.0,0.6400945005906286
389,67,3,0.0,100,continuous,d67_k3_s0.0,0.6000155944962716,-0.2928515932514151,0.0,1.0,4.0,0.3400112697114991,0.08063163318032603,0.3708049425308908,0.07373060938652952,0.06115463813809101,0.9360169126057037
390,67,3,0.0,300,continuous,d67_k3_s0.0,0.9268816299503385,0.2193213402657772,0.23662281480055683,1.5,4.0,0.0,0.0,0.508984868655429,0.0,0.0,0.9744068400427501
391,67,3,0.1,30,continuous,d67_k3_s0.1,0.13074045548041358,-0.9277476497306651,0.0,1.0,4.0,0.5007034556360948,0.05679413211038489,0.16980218626366414,0.044211221817659366,0.044211221817659366,0.6453653460334128
392,67,3,0.1,100,continuous,d67_k3_s0.1,0.6355651681189807,0.025538529779266517,0.04018239365579202,1.0,4.0,0.09307113744219916,0.09307113744219916,0.40952262201638756,0.0,0.0,0.9293761836011475
393,67,3,0.1,300,continuous,d67_k3_s0.1,0.9015271827037706,0.10075727090989783,0.1117628761982713,1.5,4.0,0.3193438850726724,0.15015796178383706,0.49513003206270034,0.12322379394181457,0.0,0.9601411883824273
394,67,3,0.3,30,continuous,d67_k3_s0.3,0.05915824313945306,-0.5976289163331538,0.0,1.0,4.0,0.18833103363156067,0.18833103363156067,0.26009731310820694,0.12322379394181457,0.08407909027067237,0.69557028481428
395,67,3,0.3,100,continuous,d67_k3_s0.3,0.5873506404271321,0.011711214704612116,0.019939051562275486,1.0,4.0,0.23325308251173332,0.13543329844527882,0.31198526240789004,0.0862759396667305,0.044211221817659366,0.8770479815498845
396,67,3,0.3,300,continuous,d67_k3_s0.3,0.7587230069712612,0.11200098844708006,0.14761775696531954,1.0,4.0,0.22521218557247794,0.12642920257447712,0.4134888343052144,0.0,0.0,0.938532428327677
397,67,3,0.0,30,binary,d67_k3_s0.0,0.16444144100331715,-0.5817988425294025,0.0,1.0,4.0,0.3780181819379639,0.1888534052671281,0.30230624318511945,0.3330354702933839,0.0,0.5053782836142726
398,67,3,0.0,100,binary,d67_k3_s0.0,0.7645678429161132,0.16722801589286296,0.21872227225126817,2.0,4.0,0.30583989301118825,0.2072495817746633,0.19891398750256684,0.0,0.0,0.8946537790861192
399,67,3,0.0,300,binary,d67_k3_s0.0,0.9171052158087335,0.3357275101782735,0.3660730572579047,2.0,4.0,0.33530214561035937,0.25238919524679276,0.4944418944044421,0.08045501624321398,0.0,0.9436377102356889
400,67,3,0.1,30,binary,d67_k3_s0.1,0.039291599525096976,-0.8138311668950613,0.0,1.0,4.0,0.4205595834384793,0.3399437541254498,0.3279423834550408,0.3063353054605927,0.1888534052671281,0.6260904130650816
401,67,3,0.1,100,binary,d67_k3_s0.1,0.7353632708808144,0.04464429080009813,0.06071052576044956,1.0,4.0,0.3851528765988758,0.1604297578218262,0.2258739326633683,0.08045501624321398,0.0,0.8940044625278908
402,67,3,0.1,300,binary,d67_k3_s0.1,0.8676809246227594,0.08118479208692608,0.09356526089613264,2.0,4.0,0.32617649519550146,0.1888534052671281,0.5832195091125614,0.0,0.0,0.951693510584441
403,67,3,0.3,30,binary,d67_k3_s0.3,-0.052477670548843225,0.10766943561773634,1.0,1.0,4.0,0.6640546351847368,0.38800175012841026,0.2613259270185031,0.15741505669381126,0.15741505669381126,0.5068904805655035
404,67,3,0.3,100,binary,d67_k3_s0.3,0.5962738600250979,-0.12532653729097798,0.0,1.0,4.0,0.38956533838654833,0.3349386814836873,0.4000372684891698,0.1888534052671281,0.0,0.8325295783098644
405,67,3,0.3,300,binary,d67_k3_s0.3,0.8027763770273034,0.154671498490768,0.19267071493000276,2.0,4.0,0.23922828999424645,0.23922828999424645,0.5655210797945577,0.08045501624321398,0.0,0.91239963999775
